<?xml version="1.0" encoding="UTF-8" standalone="no"?>
<synergyConfiguration version="3">
  <generalSettings>
    <option key="#Board#" value="board.s5d9pk"/>
    <option key="CPU" value="S5D9"/>
    <option key="#TargetName#" value="R7FS5D97E3A01CFC"/>
    <option key="#TargetARCHITECTURE#" value="cortex-m4"/>
    <option key="#RTOS#" value="Express Logic ThreadX"/>
    <option key="#pinconfiguration#" value="S5D9-PK.pincfg"/>
    <option key="#SSPVersion#" value="1.5.0"/>
    <option key="#DefaultLinkerScript#" value="S5D9.ld"/>
    <option key="#ConfigurationFragments#" value="Renesas##BSP##Board##s5d9_pk##"/>
  </generalSettings>
  <synergyBspConfiguration>
    <config id="config.bsp.s5d9.R7FS5D97E3A01CFC">
      <property id="config.bsp.part_number" value="config.bsp.part_number.value"/>
      <property id="config.bsp.rom_size_bytes" value="config.bsp.rom_size_bytes.value"/>
      <property id="config.bsp.ram_size_bytes" value="config.bsp.ram_size_bytes.value"/>
      <property id="config.bsp.data_flash_size_bytes" value="config.bsp.data_flash_size_bytes.value"/>
      <property id="config.bsp.package_style" value="config.bsp.package_style.value"/>
      <property id="config.bsp.package_pins" value="config.bsp.package_pins.value"/>
    </config>
    <config id="config.bsp.s5d9">
      <property id="config.bsp.series" value="config.bsp.series.value"/>
    </config>
    <config id="config.bsp.s5d9.ssp">
      <property id="config.bsp.s5d9.ssp.OFS0" value="config.bsp.s5d9.ssp.OFS0_Register.default"/>
      <property id="config.bsp.s5d9.ssp.OFS0.iwdt_start_mode" value="config.bsp.s5d9.ssp.OFS0.iwdt_start_mode.disabled"/>
      <property id="config.bsp.s5d9.ssp.OFS0.iwdt_timeout" value="config.bsp.s5d9.ssp.OFS0.iwdt_timeout.2048"/>
      <property id="config.bsp.s5d9.ssp.OFS0.iwdt_divisor" value="config.bsp.s5d9.ssp.OFS0.iwdt_divisor.128"/>
      <property id="config.bsp.s5d9.ssp.OFS0.iwdt_window_end" value="config.bsp.s5d9.ssp.OFS0.iwdt_window_end.0"/>
      <property id="config.bsp.s5d9.ssp.OFS0.iwdt_window_start" value="config.bsp.s5d9.ssp.OFS0.iwdt_window_start.100"/>
      <property id="config.bsp.s5d9.ssp.OFS0.iwdt_reset_interrupt" value="config.bsp.s5d9.ssp.OFS0.iwdt_reset_interrupt.Reset"/>
      <property id="config.bsp.s5d9.ssp.OFS0.iwdt_stop_control" value="config.bsp.s5d9.ssp.OFS0.iwdt_stop_control.stops"/>
      <property id="config.bsp.s5d9.ssp.OFS0.wdt_start_mode" value="config.bsp.s5d9.ssp.OFS0.wdt_start_mode.register"/>
      <property id="config.bsp.s5d9.ssp.OFS0.wdt_timeout" value="config.bsp.s5d9.ssp.OFS0.wdt_timeout.16384"/>
      <property id="config.bsp.s5d9.ssp.OFS0.wdt_divisor" value="config.bsp.s5d9.ssp.OFS0.wdt_divisor.128"/>
      <property id="config.bsp.s5d9.ssp.OFS0.wdt_window_end" value="config.bsp.s5d9.ssp.OFS0.wdt_window_end.0"/>
      <property id="config.bsp.s5d9.ssp.OFS0.wdt_window_start" value="config.bsp.s5d9.ssp.OFS0.wdt_window_start.100"/>
      <property id="config.bsp.s5d9.ssp.OFS0.wdt_reset_interrupt" value="config.bsp.s5d9.ssp.OFS0.wdt_reset_interrupt.Reset"/>
      <property id="config.bsp.s5d9.ssp.OFS0.wdt_stop_control" value="config.bsp.s5d9.ssp.OFS0.wdt_stop_control.stops"/>
      <property id="config.bsp.s5d9.ssp.OFS1" value="config.bsp.s5d9.ssp.OFS1_Register.default"/>
      <property id="config.bsp.s5d9.ssp.OFS1.voltage_detection0.start" value="config.bsp.s5d9.ssp.OFS1.voltage_detection0.start.disabled"/>
      <property id="config.bsp.s5d9.ssp.OFS1.voltage_detection0_level" value="config.bsp.s5d9.ssp.OFS1.voltage_detection0_level.280"/>
      <property id="config.bsp.s5d9.ssp.OFS1.hoco_osc" value="config.bsp.s5d9.ssp.OFS1.hoco_osc.disabled"/>
      <property id="config.bsp.s5d9.ssp.mpu_pc0_enable" value="config.bsp.s5d9.ssp.mpu_pc0_enable.disabled"/>
      <property id="config.bsp.s5d9.ssp.mpu_pc0_start" value="0xFFFFFFFC"/>
      <property id="config.bsp.s5d9.ssp.mpu_pc0_end" value="0xFFFFFFFF"/>
      <property id="config.bsp.s5d9.ssp.mpu_pc1_enable" value="config.bsp.s5d9.ssp.mpu_pc1_enable.disabled"/>
      <property id="config.bsp.s5d9.ssp.mpu_pc1_start" value="0xFFFFFFFC"/>
      <property id="config.bsp.s5d9.ssp.mpu_pc1_end" value="0xFFFFFFFF"/>
      <property id="config.bsp.s5d9.ssp.mpu_reg0_enable" value="config.bsp.s5d9.ssp.mpu_reg0_enable.disabled"/>
      <property id="config.bsp.s5d9.ssp.mpu_reg0_start" value="0x00FFFFFC"/>
      <property id="config.bsp.s5d9.ssp.mpu_reg0_end" value="0x00FFFFFF"/>
      <property id="config.bsp.s5d9.ssp.mpu_reg1_enable" value="config.bsp.s5d9.ssp.mpu_reg1_enable.disabled"/>
      <property id="config.bsp.s5d9.ssp.mpu_reg1_start" value="0x200FFFFC"/>
      <property id="config.bsp.s5d9.ssp.mpu_reg1_end" value="0x200FFFFF"/>
      <property id="config.bsp.s5d9.ssp.mpu_reg2_enable" value="config.bsp.s5d9.ssp.mpu_reg2_enable.disabled"/>
      <property id="config.bsp.s5d9.ssp.mpu_reg2_start" value="0x407FFFFC"/>
      <property id="config.bsp.s5d9.ssp.mpu_reg2_end" value="0x407FFFFF"/>
      <property id="config.bsp.s5d9.ssp.mpu_reg3_enable" value="config.bsp.s5d9.ssp.mpu_reg3_enable.disabled"/>
      <property id="config.bsp.s5d9.ssp.mpu_reg3_start" value="0x400DFFFC"/>
      <property id="config.bsp.s5d9.ssp.mpu_reg3_end" value="0x400DFFFF"/>
    </config>
    <config id="config.bsp.synergy">
      <property id="config.bsp.common.main" value="0x1000"/>
      <property id="config.bsp.common.process" value="0"/>
      <property id="config.bsp.common.heap" value="0x1000"/>
      <property id="config.bsp.common.vcc" value="3300"/>
      <property id="config.bsp.common.checking" value="config.bsp.common.checking.enabled"/>
      <property id="config.bsp.common.assert" value="config.bsp.common.assert.none"/>
      <property id="config.bsp.common.error_log" value="config.bsp.common.error_log.none"/>
      <property id="config.bsp.common.id_mode" value="config.bsp.common.id_mode.unlocked"/>
      <property id="config.bsp.common.id_code" value="FFFFFFFFFFFFFFFFFFFFFFFFFFFFFFFF"/>
      <property id="config.bsp.common.id1" value=""/>
      <property id="config.bsp.common.id2" value=""/>
      <property id="config.bsp.common.id3" value=""/>
      <property id="config.bsp.common.id4" value=""/>
      <property id="config.bsp.common.id_fixed" value=""/>
    </config>
  </synergyBspConfiguration>
  <synergyClockConfiguration>
    <node id="board.clock.xtal.freq" mul="24000000" option="_edit"/>
    <node id="board.clock.pll.source" option="board.clock.pll.source.xtal"/>
    <node id="board.clock.hoco.freq" option="board.clock.hoco.freq.20m"/>
    <node id="board.clock.loco.freq" option="board.clock.loco.freq.32768"/>
    <node id="board.clock.moco.freq" option="board.clock.moco.freq.8m"/>
    <node id="board.clock.subclk.freq" option="board.clock.subclk.freq.32768"/>
    <node id="board.clock.pll.div" option="board.clock.pll.div.2"/>
    <node id="board.clock.pll.mul" option="board.clock.pll.mul.200"/>
    <node id="board.clock.pll.display" option="board.clock.pll.display.value"/>
    <node id="board.clock.clock.source" option="board.clock.clock.source.pll"/>
    <node id="board.clock.iclk.div" option="board.clock.iclk.div.2"/>
    <node id="board.clock.iclk.display" option="board.clock.iclk.display.value"/>
    <node id="board.clock.pclka.div" option="board.clock.pclka.div.2"/>
    <node id="board.clock.pclka.display" option="board.clock.pclka.display.value"/>
    <node id="board.clock.pclkb.div" option="board.clock.pclkb.div.4"/>
    <node id="board.clock.pclkb.display" option="board.clock.pclkb.display.value"/>
    <node id="board.clock.pclkc.div" option="board.clock.pclkc.div.4"/>
    <node id="board.clock.pclkc.display" option="board.clock.pclkc.display.value"/>
    <node id="board.clock.pclkd.div" option="board.clock.pclkd.div.2"/>
    <node id="board.clock.pclkd.display" option="board.clock.pclkd.display.value"/>
    <node id="board.clock.sdclkout.div" option="board.clock.sdclkout.div.1"/>
    <node id="board.clock.sdclkout.display" option="board.clock.sdclkout.display.value"/>
    <node id="board.clock.bclk.div" option="board.clock.bclk.div.2"/>
    <node id="board.clock.bclk.display" option="board.clock.bclk.display.value"/>
    <node id="board.clock.bclkout.div" option="board.clock.bclkout.div.2"/>
    <node id="board.clock.bclkout.display" option="board.clock.bclkout.display.value"/>
    <node id="board.clock.uclk.div" option="board.clock.uclk.div.5"/>
    <node id="board.clock.uclk.display" option="board.clock.uclk.display.value"/>
    <node id="board.clock.fclk.div" option="board.clock.fclk.div.4"/>
    <node id="board.clock.fclk.display" option="board.clock.fclk.display.value"/>
  </synergyClockConfiguration>
  <synergyComponentSelection>
    <component apiversion="" class="Common" condition="" group="all" subgroup="ssp_common" variant="" vendor="Renesas" version="1.5.0">
      <description>SSP Common Code</description>
      <originalPack>Renesas.Synergy.1.5.0.pack</originalPack>
    </component>
    <component apiversion="" class="HAL Drivers" condition="" group="all" subgroup="r_cgc" variant="" vendor="Renesas" version="1.5.0">
      <description>Clock Generation Circuit: Provides=[CGC]</description>
      <originalPack>Renesas.Synergy.1.5.0.pack</originalPack>
    </component>
    <component apiversion="" class="HAL Drivers" condition="" group="all" subgroup="r_elc" variant="" vendor="Renesas" version="1.5.0">
      <description>Event Link Controller: Provides=[ELC]</description>
      <originalPack>Renesas.Synergy.1.5.0.pack</originalPack>
    </component>
    <component apiversion="" class="HAL Drivers" condition="" group="all" subgroup="r_fmi" variant="" vendor="Renesas" version="1.5.0">
      <description>Factory MCU Information Module: Provides=[FMI]</description>
      <originalPack>Renesas.Synergy.1.5.0.pack</originalPack>
    </component>
    <component apiversion="" class="HAL Drivers" condition="" group="all" subgroup="r_ioport" variant="" vendor="Renesas" version="1.5.0">
      <description>I/O Port: Provides=[IO Port]</description>
      <originalPack>Renesas.Synergy.1.5.0.pack</originalPack>
    </component>
    <component apiversion="" class="Express Logic" condition="" group="all" subgroup="tx" variant="" vendor="Renesas" version="1.5.0">
      <description>Express Logic ThreadX: Provides=[ThreadX]</description>
      <originalPack>Renesas.Synergy.1.5.0.pack</originalPack>
    </component>
    <component apiversion="" class="BSP" condition="" group="Board" subgroup="s5d9_pk" variant="" vendor="Renesas" version="1.5.0">
      <description>S5D9_PK Board Support Files</description>
      <originalPack>Renesas.Synergy_board_s5d9_pk.1.5.0.pack</originalPack>
    </component>
    <component apiversion="" class="BSP" condition="" group="s5d9" subgroup="device" variant="R7FS5D97E3A01CFC" vendor="Renesas" version="1.5.0">
      <description>Board support package for R7FS5D97E3A01CFC</description>
      <originalPack>Renesas.Synergy_mcu_s5d9.1.5.0.pack</originalPack>
    </component>
    <component apiversion="" class="BSP" condition="" group="s5d9" subgroup="device" variant="" vendor="Renesas" version="1.5.0">
      <description>Board support package for S5D9</description>
      <originalPack>Renesas.Synergy_mcu_s5d9.1.5.0.pack</originalPack>
    </component>
    <component apiversion="" class="BSP" condition="" group="s5d9" subgroup="ssp" variant="" vendor="Renesas" version="1.5.0">
      <description>Board support package for S5D9</description>
      <originalPack>Renesas.Synergy_mcu_s5d9.1.5.0.pack</originalPack>
    </component>
    <component apiversion="" class="Framework Services" condition="" group="all" subgroup="sf_el_ux" variant="" vendor="Renesas" version="1.5.0">
      <description>Express Logic USBX Synergy Port: Provides=[USBX Driver] , Requires=[USBX ,Transfer]</description>
      <originalPack>Renesas.Synergy.1.5.0.pack</originalPack>
    </component>
    <component apiversion="" class="Express Logic" condition="" group="all" subgroup="fx" variant="" vendor="Renesas" version="1.5.0">
      <description>Express Logic FileX: Provides=[FileX] , Requires=[FileX I/O ,ThreadX]</description>
      <originalPack>Renesas.Synergy.1.5.0.pack</originalPack>
    </component>
    <component apiversion="" class="Express Logic" condition="" group="all" subgroup="ux" variant="" vendor="Renesas" version="1.5.0">
      <description>Express Logic USBX: Provides=[USBX] , Requires=[ThreadX ,USBX Driver]</description>
      <originalPack>Renesas.Synergy.1.5.0.pack</originalPack>
    </component>
    <component apiversion="" class="Express Logic" condition="" group="all" subgroup="ux_host_class_hid" variant="" vendor="Renesas" version="1.5.0">
      <description>Express Logic USBX Host Class HID: Provides=[USBX Host Class HID] , Requires=[ThreadX ,USBX]</description>
      <originalPack>Renesas.Synergy.1.5.0.pack</originalPack>
    </component>
    <component apiversion="" class="Express Logic" condition="" group="all" subgroup="ux_host_class_hub" variant="" vendor="Renesas" version="1.5.0">
      <description>Express Logic USBX Host Class Hub: Provides=[USBX Host Class Hub] , Requires=[ThreadX ,USBX]</description>
      <originalPack>Renesas.Synergy.1.5.0.pack</originalPack>
    </component>
    <component apiversion="" class="Express Logic" condition="" group="all" subgroup="ux_host_class_storage" variant="" vendor="Renesas" version="1.5.0">
      <description>Express Logic USBX Host Class Storage: Provides=[USBX Host Class Storage] , Requires=[ThreadX ,USBX]</description>
      <originalPack>Renesas.Synergy.1.5.0.pack</originalPack>
    </component>
  </synergyComponentSelection>
  <synergyIcuConfiguration/>
  <synergyMessagingConfiguration/>
  <synergyModuleConfiguration>
    <module id="module.driver.cgc_on_cgc.0">
      <property id="module.driver.cgc.name" value="g_cgc"/>
    </module>
    <module id="module.driver.elc_on_elc.0">
      <property id="module.driver.elc.name" value="g_elc"/>
    </module>
    <module id="module.driver.ioport_on_ioport.0">
      <property id="module.driver.ioport.name" value="g_ioport"/>
    </module>
    <module id="module.driver.fmi_on_fmi.0">
      <property id="module.driver.fmi.name" value="g_fmi"/>
    </module>
    <module id="module.framework.fx_usbmsc.1947461901">
      <property id="module.framework.fx.name" value="g_fx_media0"/>
      <property id="module.framework.fx.init_function" value="fx_media_init_function0"/>
      <property id="module.framework.fx_usbmsc.media_init" value="module.framework.fx_usbmsc.media_init.disable"/>
      <property id="module.framework.fx_usbmsc.init_timeout" value="0xffffffff"/>
    </module>
    <module id="module.el.ux_host_class_storage.1771418771">
      <property id="module.el.host_class.name" value="g_ux_host_class_storage0"/>
    </module>
    <module id="module.el.ux_host.1267820114">
      <property id="module.el.ux_host.name" value="g_ux_host_0"/>
      <property id="module.el.ux_host.init_function" value="ux_host_init0"/>
      <property id="module.el.ux_host.init" value="module.el.ux_host.init.enable"/>
    </module>
    <module id="module.el.ux_v2.1574125528">
      <property id="module.el.ux_v2.pool_memory_name" value="g_ux_pool_memory"/>
      <property id="module.el.ux_v2.pool_memory_size" value="81920"/>
      <property id="module.el.ux_v2.system_change_function" value="ux_host_event_callback"/>
      <property id="module.el.ux_v2.init_function" value="ux_common_init0"/>
      <property id="module.el.ux_v2.init" value="module.el.ux_v2.init.enable"/>
    </module>
    <module id="module.el.fx_common.1257486147">
      <property id="module.el.fx_common.init_function" value="fx_common_init0"/>
      <property id="module.el.fx_common.init" value="module.el.fx_common.init.enable"/>
    </module>
    <module id="module.framework.sf_el_ux_hcd_hs.1670699774">
      <property id="module.framework.sf_el_ux_hcd.name" value="g_sf_el_ux_hcd_hs_0"/>
      <property id="module.framework.sf_el_ux_hcd.hw_address" value="R_USBHS_BASE"/>
    </module>
    <module id="module.el.ux_host_class_hid.1112509831">
      <property id="module.el.ux_host_class.name" value="g_ux_host_class_hid0"/>
      <property id="module.el.ux_host_class.keyboard_support" value="module.el.ux_host_class.keyboard_support.enable"/>
      <property id="module.el.ux_host_class.mouse_support" value="module.el.ux_host_class.mouse_support.disable"/>
      <property id="module.el.ux_host_class.remote_control_support" value="module.el.ux_host_class.remote_control_support.disable"/>
    </module>
    <module id="module.el.ux_host_class_hub.547655094"/>
    <context id="_hal.0">
      <stack module="module.driver.fmi_on_fmi.0"/>
      <stack module="module.driver.cgc_on_cgc.0"/>
      <stack module="module.driver.elc_on_elc.0"/>
      <stack module="module.driver.ioport_on_ioport.0"/>
    </context>
    <context id="rtos.threadx.thread.1465834927">
      <property id="_symbol" value="usb_thread"/>
      <property id="rtos.threadx.thread.name" value="USB Thread"/>
      <property id="rtos.threadx.thread.stack" value="2048"/>
      <property id="rtos.threadx.thread.priority" value="1"/>
      <property id="rtos.threadx.thread.autostart" value="rtos.threadx.thread.autostart.enabled"/>
      <property id="rtos.threadx.thread.timeslice" value="1"/>
      <stack module="module.framework.fx_usbmsc.1947461901">
        <stack module="module.el.ux_host_class_storage.1771418771" requires="module.framework.fx_usbmsc.requires.ux_host_class_storage">
          <stack module="module.el.ux_host.1267820114" requires="module.el.ux_host_class_storage.requires.ux_host">
            <stack module="module.framework.sf_el_ux_hcd_hs.1670699774" requires="module.el.ux_host.requires.sf_el_ux_hcd"/>
            <stack module="module.el.ux_v2.1574125528" requires="module.el.ux_host.requires.ux_v2"/>
          </stack>
        </stack>
        <stack module="module.el.fx_common.1257486147" requires="module.framework.fx_usbmsc.requires.fx_common"/>
      </stack>
      <stack module="module.el.ux_host_class_hid.1112509831">
        <stack module="module.el.ux_host.1267820114" requires="module.el.ux_host_class.requires.ux_host">
          <stack module="module.framework.sf_el_ux_hcd_hs.1670699774" requires="module.el.ux_host.requires.sf_el_ux_hcd"/>
          <stack module="module.el.ux_v2.1574125528" requires="module.el.ux_host.requires.ux_v2"/>
        </stack>
      </stack>
      <stack module="module.el.ux_host_class_hub.547655094">
        <stack module="module.el.ux_host.1267820114" requires="module.el.ux_host_class_hub.requires.ux_host">
          <stack module="module.framework.sf_el_ux_hcd_hs.1670699774" requires="module.el.ux_host.requires.sf_el_ux_hcd"/>
          <stack module="module.el.ux_v2.1574125528" requires="module.el.ux_host.requires.ux_v2"/>
        </stack>
      </stack>
    </context>
    <config id="config.el.ux_v2"/>
    <config id="config.el.ux_host_class_storage"/>
    <config id="config.driver.cgc">
      <property id="config.driver.cgc.param_checking_enable" value="config.driver.cgc.param_checking_enable.bsp"/>
      <property id="config.driver.cgc.main_osc_wait" value="config.driver.cgc.main_osc_wait.wait_547"/>
      <property id="config.driver.cgc.main_osc_clock_source" value="config.driver.cgc.main_osc_clock_source.crystal"/>
      <property id="config.driver.cgc.osc_stop_det_used" value="config.driver.cgc.osc_stop_det_used.enabled"/>
      <property id="config.driver.cgc.subclock_drive" value="config.driver.cgc.subclock_drive.standard"/>
      <property id="config.driver.cgc.subclock_at_reset_enable" value="config.driver.cgc.subclock_at_reset_enable.enabled"/>
      <property id="config.driver.cgc.low_voltage_mode" value="config.driver.cgc.low_voltage_mode.disabled"/>
    </config>
    <config id="config.driver.ioport">
      <property id="config.driver.ioport.checking" value="config.driver.ioport.checking.system"/>
    </config>
    <config id="config.threadx.thread"/>
    <config id="config.framework.sf_el_ux">
      <property id="config.framework.sf_el_ux.VBUSENpin_logic" value="config.framework.sf_el_ux.VBUSENpin_logic.active_high"/>
      <property id="config.framework.sf_el_ux.hs_irq_ipl" value="board.icu.common.irq.disabled"/>
      <property id="config.framework.sf_el_ux.fs_irq_ipl" value="board.icu.common.irq.disabled"/>
    </config>
    <config id="config.framework.sf_el_ux_hcd_hs">
      <property id="config.framework.sf_el_ux_hcd_hs.irq_ipl" value="board.icu.common.irq.priority3"/>
      <property id="config.framework.sf_el_ux_hcd_hs.fifo_size" value="config.framework.sf_el_ux_hcd_hs.fifo_size.normal"/>
      <property id="config.framework.sf_el_ux_hcd_hs.bulk_pipe_start_index" value="config.framework.sf_el_ux_hcd_hs.bulk_pipe_start_index.pipe1"/>
      <property id="config.framework.sf_el_ux_hcd_hs.VBUSENpin_logic" value="config.framework.sf_el_ux_hcd_hs.VBUSENpin_logic.active_high"/>
      <property id="config.framework.sf_el_ux_hcd_hs.hs_bit" value="config.framework.sf_el_ux_hcd_hs.hs_bit.bitset_high"/>
    </config>
    <config id="config.framework.sf_el_ux_hcd_fs">
      <property id="config.framework.sf_el_ux_hcd_fs.irq_ipl" value="board.icu.common.irq.disabled"/>
      <property id="config.framework.sf_el_ux_hcd_fs.VBUSENpin_logic" value="config.framework.sf_el_ux_hcd_fs.VBUSENpin_logic.active_high"/>
      <property id="config.framework.sf_el_ux_hcd_fs.VCC_LDO_Regulator" value="config.framework.sf_el_ux_hcd_fs.VCC_LDO_Regulator.disabled"/>
    </config>
    <config id="config.framework.sf_el_ux_dcd_hs">
      <property id="config.framework.sf_el_ux_dcd_hs.irq_ipl" value="board.icu.common.irq.disabled"/>
    </config>
    <config id="config.framework.sf_el_ux_dcd_fs">
      <property id="config.framework.sf_el_ux_dcd_fs.irq_ipl" value="board.icu.common.irq.disabled"/>
      <property id="config.framework.sf_el_ux_dcd_fs.VCC_LDO_Regulator" value="config.framework.sf_el_ux_dcd_fs.VCC_LDO_Regulator.disabled"/>
    </config>
    <config id="config.driver.fmi">
      <property id="config.driver.fmi.param_checking_enable" value="config.driver.fmi.param_checking_enable.bsp"/>
      <property id="config.driver.fmi.custom_base_address_symbol" value="g_fmi_data"/>
      <property id="config.driver.fmi.part_number_mask" value="0xFE00"/>
    </config>
    <config id="config.driver.elc">
      <property id="config.driver.elc.checking" value="config.driver.elc.checking.system"/>
    </config>
    <config id="config.el.ux_host_class_hid"/>
    <config id="config.el.fx"/>
  </synergyModuleConfiguration>
  <synergyPinConfiguration>
    <pincfg active="true" name="S5D9-PK.pincfg" symbol="g_bsp_pin_cfg"/>
  </synergyPinConfiguration>
</synergyConfiguration>
