﻿<?xml version="1.0" ?>
<synergyModuleDescription>
    <config id="config.framework.thread_monitor" path="ssp_cfg/framework/sf_thread_monitor_cfg.h" version="0">
        <property id="config.framework.thread_monitor.param_checking_enable" display="Parameter Checking" default="config.framework.thread_monitor.param_checking_enable.bsp" description="Selects if code for parameter checking is to be included in the build.">
            <option id="config.framework.thread_monitor.param_checking_enable.bsp" display="Default (BSP)" value="BSP_CFG_PARAM_CHECKING_ENABLE" />
            <option id="config.framework.thread_monitor.param_checking_enable.enabled" display="Enabled" value="(1)" />
            <option id="config.framework.thread_monitor.param_checking_enable.disabled" display="Disabled" value="(0)" />
        </property>
        <property id="config.framework.thread_monitor.max_threads" display="Maximum Number of Monitored Threads" default="5" description="Specify the maximum number of threads that can be monitored.">
            <constraint display="Value must be an integer">testInteger("${config.framework.thread_monitor.max_threads}")</constraint>
        </property>
        <property id="config.framework.thread_monitor.stack_size" display="Stack size of the Thread Monitor Thread (bytes)" default="512" description="Number bytes in the stack memory area. The thread’s stack area must be large enough to handle its worst-case function call nesting and local variable usage. Size must be an integer multiple of 8.">
            <constraint display="Value must be an integer multiple of 8 and greater than 0">testInteger("${config.framework.thread_monitor.stack_size}") &amp;&amp; ("${config.framework.thread_monitor.stack_size}" % 8 == 0) &amp;&amp; ("${config.framework.thread_monitor.stack_size}" &gt; 0)</constraint>
        </property>
        <content>
            #define THREAD_MONITOR_CFG_PARAM_CHECKING_ENABLE        (${config.framework.thread_monitor.param_checking_enable})
            #define THREAD_MONITOR_CFG_MAX_NUMBER_OF_THREADS        (${config.framework.thread_monitor.max_threads})
            #define THREAD_MONITOR_THREAD_STACK_SIZE                (${config.framework.thread_monitor.stack_size})
        </content>
    </config>
    <module id="module.framework.thread_monitor" config="config.framework.thread_monitor" display="Framework|Services|${module.framework.sf_thread_monitor.name} Thread Monitor Framework on sf_thread_monitor" version="0" url="https://knowledgebase.renesas.com/English_Content/Renesas_Synergy%E2%84%A2_Platform/Renesas_Synergy_Knowledge_Base/sf_thread_monitor_Module_Guide_Resources">
        <constraint display="Unique name required for each instance">
            "${interface.framework.thread_monitor.${module.framework.sf_thread_monitor.name}}" === "1"
        </constraint>
        <constraint display="Requires WDT Driver">
            testExists("${module.framework.thread_monitor.requires.wdt::module.driver.watchdog.name}")
        </constraint>
        <requires interface="_rtos" />
        <requires id="module.framework.thread_monitor.requires.wdt" interface="interface.driver.wdt" display="Add WDT Driver" />
        <provides interface="interface.framework.thread_monitor" />
        <provides interface="interface.framework.thread_monitor_on_sf_thread_monitor" />
        <provides interface="interface.framework.thread_monitor.${module.framework.sf_thread_monitor.name}" />
        <property default="g_sf_thread_monitor${_instance}" display="Name" id="module.framework.sf_thread_monitor.name" description="Module name.">
            <constraint display="Name must be a valid C symbol">testSymbol("${module.framework.sf_thread_monitor.name}")</constraint>
        </property>
        <property id="module.framework.thread_monitor.profiling_mode_enable" display="Profiling Mode" default="module.framework.thread_monitor.profiling_mode_enable.disabled" description="Select if profiling is enabled.">
            <option id="module.framework.thread_monitor.profiling_mode_enable.enabled" display="Enabled" value="true" />
            <option id="module.framework.thread_monitor.profiling_mode_enable.disabled" display="Disabled" value="false" />
        </property>
        <property display="Thread Monitor Thread Priority" id="module.framework.thread_monitor.priority" default="1" description="Specify the thread priority for thread monitor.">
		</property>
        <property default="sf_thread_monitor_init${_instance}" display="Name of generated initialization function" id="module.framework.thread_monitor.init_function" description="Specify the name of the generated initialization function.">
            <constraint display="Name must be a valid C symbol">testSymbol("${module.framework.thread_monitor.init_function}")</constraint>
        </property>
        <property default="module.framework.sf_thread_monitor.init.enable" display="Auto Initialization" id="module.framework.thread_monitor.init" description="Select if sf_thread_monitor will be initialized during startup.">
            <option display="Enable"  id="module.framework.thread_monitor.init.enable"  value="1"/>
            <option display="Disable" id="module.framework.thread_monitor.init.disable" value="0"/>
        </property>
		<header>
		  extern const sf_thread_monitor_instance_t ${module.framework.sf_thread_monitor.name};
          void ${module.framework.sf_thread_monitor.name}_err_callback(void * p_instance, void * p_data);
            void ${module.framework.thread_monitor.init_function}(void);
		</header>
		<includes>
			#include "sf_thread_monitor.h"
		</includes>
		<macros>
        </macros>
		<declarations>
            #if defined(__ICCARM__)
            #define ${module.framework.sf_thread_monitor.name}_err_callback_WEAK_ATTRIBUTE
            #pragma weak ${module.framework.sf_thread_monitor.name}_err_callback  = ${module.framework.sf_thread_monitor.name}_err_callback_internal
            #elif defined(__GNUC__)
            #define ${module.framework.sf_thread_monitor.name}_err_callback_WEAK_ATTRIBUTE   __attribute__ ((weak, alias("${module.framework.sf_thread_monitor.name}_err_callback_internal")))
            #endif
            void ${module.framework.sf_thread_monitor.name}_err_callback(void * p_instance, void * p_data) ${module.framework.sf_thread_monitor.name}_err_callback_WEAK_ATTRIBUTE;
			static sf_thread_monitor_instance_ctrl_t ${module.framework.sf_thread_monitor.name}_ctrl;
            static sf_thread_monitor_cfg_t ${module.framework.sf_thread_monitor.name}_cfg =
			{
				.p_lower_lvl_wdt = &amp;${module.framework.thread_monitor.requires.wdt::module.driver.watchdog.name},
                .priority = ${module.framework.thread_monitor.priority},
                .profiling_mode_enabled = ${module.framework.thread_monitor.profiling_mode_enable}
			};
            /* Instance structure to use this module. */
            const sf_thread_monitor_instance_t ${module.framework.sf_thread_monitor.name} =
            {
                .p_ctrl        = &amp;${module.framework.sf_thread_monitor.name}_ctrl,
                .p_cfg         = &amp;${module.framework.sf_thread_monitor.name}_cfg,
                .p_api         = &amp;g_sf_thread_monitor_on_sf_thread_monitor
            };
            /*******************************************************************************************************************//**
               * @brief      This is a weak example initialization error function.  It should be overridden by defining a user  function 
               *             with the prototype below.
               *             - void ${module.framework.sf_thread_monitor.name}_err_callback(void * p_instance, void * p_data)
               *
               * @param[in]  p_instance arguments used to identify which instance caused the error and p_data Callback arguments used to identify what error caused the callback.
             **********************************************************************************************************************/
            void ${module.framework.sf_thread_monitor.name}_err_callback_internal(void * p_instance, void * p_data);
            void ${module.framework.sf_thread_monitor.name}_err_callback_internal(void * p_instance, void * p_data)
            {
                /** Suppress compiler warning for not using parameters. */
                 SSP_PARAMETER_NOT_USED(p_instance);
                 SSP_PARAMETER_NOT_USED(p_data);

                /** An error has occurred. Please check function arguments for more information. */
                 BSP_CFG_HANDLE_UNRECOVERABLE_ERROR(0);
            }
            
            /*******************************************************************************************************************//**
            * @brief     Initialization function that the user can choose to have called automatically during thread entry.
            *            The user can call this function at a later time if desired using the prototype below.

            *            - void ${module.framework.thread_monitor.init_function}(void)
            **********************************************************************************************************************/
            void ${module.framework.thread_monitor.init_function}(void)
            {
                ssp_err_t ssp_err_${module.framework.sf_thread_monitor.name};
                ssp_err_${module.framework.sf_thread_monitor.name} = ${module.framework.sf_thread_monitor.name}.p_api->open(${module.framework.sf_thread_monitor.name}.p_ctrl, ${module.framework.sf_thread_monitor.name}.p_cfg);
                if (SSP_SUCCESS != ssp_err_${module.framework.sf_thread_monitor.name})
                {
                    ${module.framework.sf_thread_monitor.name}_err_callback((void *)&amp;${module.framework.sf_thread_monitor.name},&amp;ssp_err_${module.framework.sf_thread_monitor.name});
                }
            }
		</declarations>
		<init>
            /** Call initialization function if user has selected to do so. */
            #if (${module.framework.thread_monitor.init})
                ${module.framework.thread_monitor.init_function}();
            #endif
        </init>
    </module>
</synergyModuleDescription>
