﻿<?xml version="1.0" ?>
<synergyModuleDescription>
    <config id="config.driver.dac8" path="ssp_cfg/driver/r_dac8_cfg.h" version="0">
        <property default="config.driver.dac8.param_checking_enable.bsp" display="Parameter Checking" id="config.driver.dac8.param_checking_enable" description="If selected code for parameter checking is included in the build.">
            <option display="Default (BSP)" id="config.driver.dac8.param_checking_enable.bsp" value="(BSP_CFG_PARAM_CHECKING_ENABLE)"/>
            <option display="Enabled" id="config.driver.dac8.param_checking_enable.enabled" value="(1)"/>
            <option display="Disabled" id="config.driver.dac8.param_checking_enable.disabled" value="(0)"/>
        </property>
        <content>#define DAC8_CFG_PARAM_CHECKING_ENABLE ${config.driver.dac8.param_checking_enable}
</content>
    </config>
    <module config="config.driver.dac8" display="Driver|Analog|${module.driver.dac8.name} DAC8 Driver on r_dac8" id="module.driver.dac_on_dac8" version="1" url="https://knowledgebase.renesas.com/English_Content/Renesas_Synergy%E2%84%A2_Platform/Renesas_Synergy_Knowledge_Base/r_dac8_Module_Guide_Resources">
        <constraint display="Unique name required for each instance">
            "${interface.driver.dac.${module.driver.dac8.name}}" === "1"
        </constraint>
        <constraint display="Requires DAC8 peripheral">
          "${interface.mcu.dac8}" === "1"
        </constraint>
        <requires id="module.driver.dac_on_dac8.requires.dac8" interface="interface.mcu.dac8" visible="false" display="Requires DAC8 peripheral" />
        <provides interface="interface.driver.dac" />
        <provides interface="interface.driver.dac_on_dac8" />
        <provides interface="interface.driver.dac.${module.driver.dac8.name}" />
        <property default="g_dac8_${_instance}" display="Name" id="module.driver.dac8.name" description="Module name.">
            <constraint display="Name must be a valid C symbol">testSymbol("${module.driver.dac8.name}")</constraint>
        </property>
           <property default="0" display="Channel" id="module.driver.dac8.channel_id" description="Specify the hardware channel.">
            <constraint display="Value must be an integer greater than or equal to 0">testInteger("${module.driver.dac8.channel_id}")  &amp;&amp; ("${module.driver.dac8.channel_id}" &gt;= 0)</constraint>
           </property>
        <property default="module.driver.dac8.ad_da_synchronized.false" display="Synchronize with ADC" id="module.driver.dac8.ad_da_synchronized" description="Synchronize the DAC update with the ADC to reduce interference with A/D conversions.">
            <option display="Enabled" id="module.driver.dac8.ad_da_synchronized.true" value="true"/>
            <option display="Disabled" id="module.driver.dac8.ad_da_synchronized.false" value="false"/>
        </property>
        <property default="module.driver.dac8.data_format.data_format_flush_right" display="Data Format" id="module.driver.dac8.data_format" description="Specify the DAC data format.">
            <option display="Right Justified" id="module.driver.dac8.data_format.data_format_flush_right" value="DAC_DATA_FORMAT_FLUSH_RIGHT"/>
            <option display="Left Justified" id="module.driver.dac8.data_format.data_format_flush_left" value="DAC_DATA_FORMAT_FLUSH_LEFT"/>
        </property>
        <property default="module.driver.dac8.dac_mode.normal" display="DAC Mode" id="module.driver.dac8.dac_mode" description="Select the DAC operating mode">
            <option display="Normal Mode" id="module.driver.dac8.dac_mode.normal" value="DAC8_MODE_NORMAL"/>
            <option display="Real-time (Event Link) Mode" id="module.driver.dac8.dac_mode.real_time" value="DAC8_MODE_REAL_TIME"/>
        </property>
        <property default="module.driver.dac8.charge_pump.true" display="Charge Pump Enabled (Requires MOCO active)" id="module.driver.dac8.charge_pump" description="Enable the DAC charge pump.">
            <option display="Enabled" id="module.driver.dac8.charge_pump.true" value="true"/>
            <option display="Disabled" id="module.driver.dac8.charge_pump.false" value="false"/>
        </property>
        <header>
            /** DAC on DAC8 Instance. */
            extern const dac_instance_t ${module.driver.dac8.name};
        </header>
        <includes>#include &quot;r_dac8.h&quot;
#include &quot;r_dac_api.h&quot;</includes>
        <declarations>dac8_instance_ctrl_t ${module.driver.dac8.name}_ctrl;
const dac8_extended_cfg_t ${module.driver.dac8.name}_ex_ctrl = 
{
    .enable_charge_pump   = ${module.driver.dac8.charge_pump},
    .dac_mode             = ${module.driver.dac8.dac_mode}
};

const dac_cfg_t ${module.driver.dac8.name}_cfg =
{
    .channel                  = ${module.driver.dac8.channel_id},
    .ad_da_synchronized       = ${module.driver.dac8.ad_da_synchronized},
    .data_format              = ${module.driver.dac8.data_format},
    .output_amplifier_enabled = false,
    .p_extend                 = &amp;${module.driver.dac8.name}_ex_ctrl
};
/* Instance structure to use this module. */
const dac_instance_t ${module.driver.dac8.name} = 
{
    .p_ctrl  = &amp;${module.driver.dac8.name}_ctrl,
    .p_cfg   = &amp;${module.driver.dac8.name}_cfg,
    .p_api   = &amp;g_dac_on_dac8
};
</declarations>
    </module>
</synergyModuleDescription>
