<?xml version="1.0" encoding="UTF-8" standalone="no"?>
<buildInfo version="1.1.0">
  <sourcePaths>
    <path value="src"/>
    <path value="synergy"/>
  </sourcePaths>
  <includePaths>
    <path value="src"/>
    <path value="src/synergy_gen"/>
    <path value="synergy/ssp/inc"/>
    <path value="synergy/ssp/inc/bsp"/>
    <path value="synergy/ssp/inc/bsp/cmsis/Include"/>
    <path value="synergy/ssp/inc/driver/api"/>
    <path value="synergy/ssp/inc/driver/instances"/>
    <path value="synergy/ssp/inc/framework/api"/>
    <path value="synergy/ssp/inc/framework/el"/>
    <path value="synergy/ssp/inc/framework/el/nx"/>
    <path value="synergy/ssp/inc/framework/el/nx_application_layer"/>
    <path value="synergy/ssp/inc/framework/instances"/>
    <path value="synergy/ssp/inc/framework/tes"/>
    <path value="synergy/ssp/src/framework/el/nx"/>
    <path value="synergy/ssp/src/framework/el/nx/nx_src"/>
    <path value="synergy/ssp/src/framework/el/nx_md5"/>
    <path value="synergy/ssp/src/framework/el/tx"/>
    <path value="synergy/ssp/src/framework/el/tx/tx_src"/>
    <path value="synergy/ssp_supplemental/filex_stub"/>
    <path value="synergy/ssp_supplemental/inc/framework/instances"/>
    <path value="synergy/ssp_supplemental/src/framework/sf_wifi_gt202"/>
    <path value="synergy/ssp_supplemental/wifi_drivers/wifi_driver_gt202"/>
    <path value="synergy/ssp_supplemental/wifi_drivers/wifi_driver_gt202/atheros_wifi"/>
    <path value="synergy/ssp_supplemental/wifi_drivers/wifi_driver_gt202/atheros_wifi/common_src/hcd"/>
    <path value="synergy/ssp_supplemental/wifi_drivers/wifi_driver_gt202/atheros_wifi/common_src/include"/>
    <path value="synergy/ssp_supplemental/wifi_drivers/wifi_driver_gt202/atheros_wifi/common_src/stack_common"/>
    <path value="synergy/ssp_supplemental/wifi_drivers/wifi_driver_gt202/atheros_wifi/common_src/wmi"/>
    <path value="synergy/ssp_supplemental/wifi_drivers/wifi_driver_gt202/atheros_wifi/custom_src/include"/>
    <path value="synergy/ssp_supplemental/wifi_drivers/wifi_driver_gt202/atheros_wifi/custom_src/stack_custom"/>
    <path value="synergy/ssp_supplemental/wifi_drivers/wifi_driver_gt202/atheros_wifi/include"/>
    <path value="synergy/ssp_supplemental/wifi_drivers/wifi_driver_gt202/atheros_wifi/include/AR6002"/>
    <path value="synergy/ssp_supplemental/wifi_drivers/wifi_driver_gt202/gt202_control/inc"/>
    <path value="synergy_cfg/ssp_cfg/bsp"/>
    <path value="synergy_cfg/ssp_cfg/driver"/>
    <path value="synergy_cfg/ssp_cfg/framework"/>
    <path value="synergy_cfg/ssp_cfg/framework/el"/>
    <path value="synergy_cfg/ssp_cfg/framework/tes"/>
  </includePaths>
  <libraryPaths>
    <path value="synergy/ssp/src/bsp/cmsis/DSP_Lib/cm4_iar"/>
    <path value="synergy/ssp/src/framework/el/gx/cm4_iar"/>
    <path value="synergy/ssp/src/framework/el/nx/cm4_iar"/>
    <path value="synergy/ssp/src/framework/el/tx/cm4_iar"/>
  </libraryPaths>
  <libraryNames>
    <name value="libDSP_Lib.a"/>
    <name value="libgx.a"/>
    <name value="libnx.a"/>
    <name value="libtx.a"/>
  </libraryNames>
  <linkerScript path="script/s7g2.icf"/>
  <cpuType value="cortex-m4"/>
  <targetDeviceName value="R7FS7G27H2A01CBD"/>
  <entrySymbol value="Reset_Handler"/>
  <filesToFormat/>
</buildInfo>
