<?xml version="1.0" encoding="UTF-8" standalone="no"?>
<synergyConfiguration version="4">
  <generalSettings>
    <option key="#Board#" value="board.s124_dk"/>
    <option key="CPU" value="S124"/>
    <option key="#TargetName#" value="R7FS124773A01CFM"/>
    <option key="#TargetARCHITECTURE#" value="cortex-m0plus"/>
    <option key="#RTOS#" value="Express Logic ThreadX"/>
    <option key="#pinconfiguration#" value="S124-DK.pincfg"/>
    <option key="#SSPVersion#" value="1.6.0"/>
    <option key="#DefaultLinkerScript#" value="s124.ld"/>
    <option key="#ConfigurationFragments#" value="Renesas##BSP##Board##s124_dk##"/>
  </generalSettings>
  <synergyBspConfiguration>
    <config id="config.bsp.s124.R7FS124773A01CFM">
      <property id="config.bsp.part_number" value="config.bsp.part_number.value"/>
      <property id="config.bsp.rom_size_bytes" value="config.bsp.rom_size_bytes.value"/>
      <property id="config.bsp.ram_size_bytes" value="config.bsp.ram_size_bytes.value"/>
      <property id="config.bsp.data_flash_size_bytes" value="config.bsp.data_flash_size_bytes.value"/>
      <property id="config.bsp.package_style" value="config.bsp.package_style.value"/>
      <property id="config.bsp.package_pins" value="config.bsp.package_pins.value"/>
    </config>
    <config id="config.bsp.s124">
      <property id="config.bsp.series" value="config.bsp.series.value"/>
    </config>
    <config id="config.bsp.s124.ssp">
      <property id="config.bsp.s124.ssp.OFS0" value="config.bsp.s124.ssp.OFS0_Register.default"/>
      <property id="config.bsp.s124.ssp.OFS0.iwdt_start_mode" value="config.bsp.s124.ssp.OFS0.iwdt_start_mode.disabled"/>
      <property id="config.bsp.s124.ssp.OFS0.iwdt_timeout" value="config.bsp.s124.ssp.OFS0.iwdt_timeout.2048"/>
      <property id="config.bsp.s124.ssp.OFS0.iwdt_divisor" value="config.bsp.s124.ssp.OFS0.iwdt_divisor.128"/>
      <property id="config.bsp.s124.ssp.OFS0.iwdt_window_end" value="config.bsp.s124.ssp.OFS0.iwdt_window_end.0"/>
      <property id="config.bsp.s124.ssp.OFS0.iwdt_window_start" value="config.bsp.s124.ssp.OFS0.iwdt_window_start.100"/>
      <property id="config.bsp.s124.ssp.OFS0.iwdt_reset_interrupt" value="config.bsp.s124.ssp.OFS0.iwdt_reset_interrupt.Reset"/>
      <property id="config.bsp.s124.ssp.OFS0.iwdt_stop_control" value="config.bsp.s124.ssp.OFS0.iwdt_stop_control.stops"/>
      <property id="config.bsp.s124.ssp.OFS0.wdt_start_mode" value="config.bsp.s124.ssp.OFS0.wdt_start_mode.register"/>
      <property id="config.bsp.s124.ssp.OFS0.wdt_timeout" value="config.bsp.s124.ssp.OFS0.wdt_timeout.16384"/>
      <property id="config.bsp.s124.ssp.OFS0.wdt_divisor" value="config.bsp.s124.ssp.OFS0.wdt_divisor.128"/>
      <property id="config.bsp.s124.ssp.OFS0.wdt_window_end" value="config.bsp.s124.ssp.OFS0.wdt_window_end.0"/>
      <property id="config.bsp.s124.ssp.OFS0.wdt_window_start" value="config.bsp.s124.ssp.OFS0.wdt_window_start.100"/>
      <property id="config.bsp.s124.ssp.OFS0.wdt_reset_interrupt" value="config.bsp.s124.ssp.OFS0.wdt_reset_interrupt.Reset"/>
      <property id="config.bsp.s124.ssp.OFS0.wdt_stop_control" value="config.bsp.s124.ssp.OFS0.wdt_stop_control.stops"/>
      <property id="config.bsp.s124.ssp.OFS1" value="config.bsp.s124.ssp.OFS1_Register.default"/>
      <property id="config.bsp.s124.ssp.OFS1.voltage_detection0.start" value="config.bsp.s124.ssp.OFS1.voltage_detection0.start.disabled"/>
      <property id="config.bsp.s124.ssp.OFS1.voltage_detection0_level" value="config.bsp.s124.ssp.OFS1.voltage_detection0_level.190"/>
      <property id="config.bsp.s124.ssp.OFS1.hoco_osc" value="config.bsp.s124.ssp.OFS1.hoco_osc.disabled"/>
    </config>
    <config id="config.bsp.synergy">
      <property id="config.bsp.common.main" value="0x0600"/>
      <property id="config.bsp.common.process" value="0"/>
      <property id="config.bsp.common.heap" value="0x0100"/>
      <property id="config.bsp.common.vcc" value="3300"/>
      <property id="config.bsp.common.avcc0" value="3300"/>
      <property id="config.bsp.common.checking" value="config.bsp.common.checking.enabled"/>
      <property id="config.bsp.common.assert" value="config.bsp.common.assert.none"/>
      <property id="config.bsp.common.error_log" value="config.bsp.common.error_log.none"/>
      <property id="config.bsp.common.id_mode" value="config.bsp.common.id_mode.unlocked"/>
      <property id="config.bsp.common.id_code" value="FFFFFFFFFFFFFFFFFFFFFFFFFFFFFFFF"/>
      <property id="config.bsp.common.id1" value="0xFFFFFFFF"/>
      <property id="config.bsp.common.id2" value="0xFFFFFFFF"/>
      <property id="config.bsp.common.id3" value="0xFFFFFFFF"/>
      <property id="config.bsp.common.id4" value="0xFFFFFFFF"/>
      <property id="config.bsp.common.id_fixed" value=""/>
    </config>
  </synergyBspConfiguration>
  <synergyClockConfiguration>
    <node id="board.clock.xtal.freq" mul="16000000" option="_edit"/>
    <node id="board.clock.hoco.freq" option="board.clock.hoco.freq.48m"/>
    <node id="board.clock.loco.freq" option="board.clock.loco.freq.32768"/>
    <node id="board.clock.moco.freq" option="board.clock.moco.freq.8m"/>
    <node id="board.clock.subclk.freq" option="board.clock.subclk.freq.32768"/>
    <node id="board.clock.clock.source" option="board.clock.clock.source.hoco"/>
    <node id="board.clock.iclk.div" option="board.clock.iclk.div.2"/>
    <node id="board.clock.iclk.display" option="board.clock.iclk.display.value"/>
    <node id="board.clock.pclkb.div" option="board.clock.pclkb.div.2"/>
    <node id="board.clock.pclkb.display" option="board.clock.pclkb.display.value"/>
    <node id="board.clock.pclkd.div" option="board.clock.pclkd.div.1"/>
    <node id="board.clock.pclkd.display" option="board.clock.pclkd.display.value"/>
    <node id="board.clock.uclk.display" option="board.clock.uclk.display.value"/>
  </synergyClockConfiguration>
  <synergyComponentSelection>
    <component apiversion="" class="Common" condition="" group="all" subgroup="ssp_common" variant="" vendor="Renesas" version="1.6.0">
      <description>SSP Common Code</description>
      <originalPack>Renesas.Synergy.1.6.0.pack</originalPack>
    </component>
    <component apiversion="" class="Framework Services" condition="" group="all" subgroup="sf_el_ux" variant="" vendor="Renesas" version="1.6.0">
      <description>Express Logic USBX Synergy Port: Provides=[USBX Driver] , Requires=[USBX ,Transfer]</description>
      <originalPack>Renesas.Synergy.1.6.0.pack</originalPack>
    </component>
    <component apiversion="" class="HAL Drivers" condition="" group="all" subgroup="r_cgc" variant="" vendor="Renesas" version="1.6.0">
      <description>Clock Generation Circuit: Provides=[CGC]</description>
      <originalPack>Renesas.Synergy.1.6.0.pack</originalPack>
    </component>
    <component apiversion="" class="HAL Drivers" condition="" group="all" subgroup="r_elc" variant="" vendor="Renesas" version="1.6.0">
      <description>Event Link Controller: Provides=[ELC]</description>
      <originalPack>Renesas.Synergy.1.6.0.pack</originalPack>
    </component>
    <component apiversion="" class="HAL Drivers" condition="" group="all" subgroup="r_fmi" variant="" vendor="Renesas" version="1.6.0">
      <description>Factory MCU Information Module: Provides=[FMI]</description>
      <originalPack>Renesas.Synergy.1.6.0.pack</originalPack>
    </component>
    <component apiversion="" class="HAL Drivers" condition="" group="all" subgroup="r_ioport" variant="" vendor="Renesas" version="1.6.0">
      <description>I/O Port: Provides=[IO Port]</description>
      <originalPack>Renesas.Synergy.1.6.0.pack</originalPack>
    </component>
    <component apiversion="" class="Express Logic" condition="" group="all" subgroup="tx" variant="" vendor="Renesas" version="1.6.0">
      <description>Express Logic ThreadX: Provides=[ThreadX]</description>
      <originalPack>Renesas.Synergy.1.6.0.pack</originalPack>
    </component>
    <component apiversion="" class="Express Logic" condition="" group="all" subgroup="ux" variant="" vendor="Renesas" version="1.6.0">
      <description>Express Logic USBX: Provides=[USBX] , Requires=[ThreadX ,USBX Driver]</description>
      <originalPack>Renesas.Synergy.1.6.0.pack</originalPack>
    </component>
    <component apiversion="" class="Express Logic" condition="" group="all" subgroup="ux_device_class_hid" variant="" vendor="Renesas" version="1.6.0">
      <description>Express Logic USBX Device Class HID: Provides=[USBX Device Class HID] , Requires=[ThreadX ,USBX]</description>
      <originalPack>Renesas.Synergy.1.6.0.pack</originalPack>
    </component>
    <component apiversion="" class="BSP" condition="" group="Board" subgroup="s124_dk" variant="" vendor="Renesas" version="1.6.0">
      <description>S124_DK Board Support Files</description>
      <originalPack>Renesas.Synergy_board_s124_dk.1.6.0.pack</originalPack>
    </component>
    <component apiversion="" class="BSP" condition="" group="s124" subgroup="device" variant="R7FS124773A01CFM" vendor="Renesas" version="1.6.0">
      <description>Board support package for R7FS124773A01CFM</description>
      <originalPack>Renesas.Synergy_mcu_s124.1.6.0.pack</originalPack>
    </component>
    <component apiversion="" class="BSP" condition="" group="s124" subgroup="device" variant="" vendor="Renesas" version="1.6.0">
      <description>Board support package for S124</description>
      <originalPack>Renesas.Synergy_mcu_s124.1.6.0.pack</originalPack>
    </component>
    <component apiversion="" class="BSP" condition="" group="s124" subgroup="ssp" variant="" vendor="Renesas" version="1.6.0">
      <description>Board support package for S124</description>
      <originalPack>Renesas.Synergy_mcu_s124.1.6.0.pack</originalPack>
    </component>
  </synergyComponentSelection>
  <synergyIcuConfiguration/>
  <synergyMessagingConfiguration/>
  <synergyModuleConfiguration>
    <module id="module.driver.cgc_on_cgc.0">
      <property id="module.driver.cgc.name" value="g_cgc"/>
    </module>
    <module id="module.driver.elc_on_elc.0">
      <property id="module.driver.elc.name" value="g_elc"/>
    </module>
    <module id="module.driver.ioport_on_ioport.0">
      <property id="module.driver.ioport.name" value="g_ioport"/>
    </module>
    <module id="module.driver.fmi_on_fmi.0">
      <property id="module.driver.fmi.name" value="g_fmi"/>
    </module>
    <module id="module.el.ux_device_class_hid.2125209577">
      <property id="module.el.ux_device_class_hid.name" value="g_ux_device_class_hid"/>
      <property id="module.el.ux_device_class_hid.pfunc_entry" value="ux_device_class_hid_entry"/>
      <property id="module.el.ux_device_class_hid.pfunc_callback" value="ux_hid_device_callback"/>
      <property id="module.el.ux_device_class_hid.pfunc_keyboard_activate_callback" value="NULL"/>
      <property id="module.el.ux_device_class_hid.pfunc_keyboard_deactivate_callback" value="NULL"/>
      <property id="module.el.ux_device_class_hid.pfunc_mouse_activate_callback" value="NULL"/>
      <property id="module.el.ux_device_class_hid.pfunc_mouse_deactivate_callback" value="NULL"/>
      <property id="module.el.ux_device_class_hid.report_id" value="module.el.ux_device_class_hid.report_id.false"/>
      <property id="module.el.ux_device_class_hid.init_function" value="ux_device_class_hid_init0"/>
      <property id="module.el.ux_device_class_hid.init" value="module.el.ux_device_class_hid.init.enable"/>
    </module>
    <module id="module.el.ux_device.745277555">
      <property id="module.el.ux_device.idVendor" value="0x045B"/>
      <property id="module.el.ux_device.idProduct" value="0x0000"/>
      <property id="module.el.ux_device.bcdDevice" value="0x0000"/>
      <property id="module.el.ux_device.iManufacturer" value="0x00"/>
      <property id="module.el.ux_device.iProduct" value="0x00"/>
      <property id="module.el.ux_device.iSerialNumber" value="0x00"/>
      <property id="module.el.ux_device.bDeviceClass" value="module.el.ux_device.bDeviceClass.hid"/>
      <property id="module.el.ux_device.iConfiguration" value="0x00"/>
      <property id="module.el.ux_device.wTotalLength" value="0x00"/>
      <property id="module.el.ux_device.bNumInterfaces" value="0x00"/>
      <property id="module.el.ux_device.bmAttributes_bit6" value="module.el.ux_device.bmAttributes_bit6.enable"/>
      <property id="module.el.ux_device.bmAttributes_bit5" value="module.el.ux_device.bmAttributes_bit5.disable"/>
      <property id="module.el.ux_device.bMaxPower" value="50"/>
      <property id="module.el.ux_device.language_code" value="0x0409"/>
      <property id="module.el.ux_device.string_descriptor.name" value="NULL"/>
      <property id="module.el.ux_device.string_descriptor.index" value="0"/>
      <property id="module.el.ux_device.language_descriptor.name" value="NULL"/>
      <property id="module.el.ux_device.language_descriptor.number" value="0"/>
      <property id="module.el.ux_device.init_function" value="ux_device_init0"/>
      <property id="module.el.ux_device.init" value="module.el.ux_device.init.enable"/>
    </module>
    <module id="module.el.ux_v2.116929675">
      <property id="module.el.ux_v2.pool_memory_name" value="g_ux_pool_memory"/>
      <property id="module.el.ux_v2.pool_memory_size" value="10240"/>
      <property id="module.el.ux_v2.system_change_function" value="NULL"/>
      <property id="module.el.ux_v2.init_function" value="ux_common_init0"/>
      <property id="module.el.ux_v2.init" value="module.el.ux_v2.init.enable"/>
    </module>
    <module id="module.el.ux.interface_descriptor_hid.hid.1039757850">
      <property id="module.el.ux.interface_descriptor_hid.name" value="g_usb_interface_descriptor_hid0"/>
      <property id="module.el.ux.interface_descriptor_hid.bInterfaceProtocol" value="1"/>
      <property id="module.el.ux.interface_descriptor_hid.bInterfaceNumber_keyboard" value="0x00"/>
      <property id="module.el.ux.interface_descriptor_hid.ep_interrupt_in_keyboard" value="module.el.ux.interface_descriptor_hid.ep_interrupt_in_keyboard.ep1"/>
      <property id="module.el.ux.interface_descriptor_hid.ep_interrupt_in_keyboard.wMaxPacketSize" value="0x8"/>
      <property id="module.el.ux.interface_descriptor_hid.ep_interrupt_in_keyboard.bInterval" value="0x8"/>
      <property id="module.el.ux.interface_descriptor_hid.ep_interrupt_out_keyboard.enable" value="module.el.ux.interface_descriptor_hid.ep_interrupt_out_keyboard.enable.false"/>
      <property id="module.el.ux.interface_descriptor_hid.ep_interrupt_out_keyboard.epnum" value="module.el.ux.interface_descriptor_hid.ep_interrupt_out_keyboard.epnum.ep3"/>
      <property id="module.el.ux.interface_descriptor_hid.ep_interrupt_out_keyboard.wMaxPacketSize" value="0x8"/>
      <property id="module.el.ux.interface_descriptor_hid.ep_interrupt_out_keyboard.bInterval" value="0x8"/>
      <property id="module.el.ux.interface_descriptor_hid.bInterfaceNumber_mouse" value="0x01"/>
      <property id="module.el.ux.interface_descriptor_hid.ep_interrupt_in_mouse" value="module.el.ux.interface_descriptor_hid.ep_interrupt_in_mouse.ep2"/>
      <property id="module.el.ux.interface_descriptor_hid.ep_interrupt_in_mouse.wMaxPacketSize" value="0x8"/>
      <property id="module.el.ux.interface_descriptor_hid.ep_interrupt_in_mouse.bInterval" value="0x8"/>
      <property id="module.el.ux.interface_descriptor_hid.ep_interrupt_out_mouse.enable" value="module.el.ux.interface_descriptor_hid.ep_interrupt_out_mouse.enable.false"/>
      <property id="module.el.ux.interface_descriptor_hid.ep_interrupt_out_mouse.epnum" value="module.el.ux.interface_descriptor_hid.ep_interrupt_out_mouse.epnum.ep4"/>
      <property id="module.el.ux.interface_descriptor_hid.ep_interrupt_out_mouse.wMaxPacketSize" value="0x8"/>
      <property id="module.el.ux.interface_descriptor_hid.ep_interrupt_out_mouse.bInterval" value="0x8"/>
    </module>
    <module id="module.framework.sf_el_ux_dcd_fs.508750179">
      <property id="module.framework.sf_el_ux_dcd_fs.name" value="g_sf_el_ux_dcd_fs_0"/>
      <property id="module.framework.sf_el_ux_dcd_fs.hw_address" value="module.framework.sf_el_ux_dcd_fs.hw_address.fs"/>
    </module>
    <context id="_hal.0">
      <stack module="module.driver.fmi_on_fmi.0"/>
      <stack module="module.driver.ioport_on_ioport.0"/>
      <stack module="module.driver.elc_on_elc.0"/>
      <stack module="module.driver.cgc_on_cgc.0"/>
    </context>
    <context id="rtos.threadx.thread.1066170365">
      <property id="_symbol" value="usb_hid_keyboard_device_thread"/>
      <property id="rtos.threadx.thread.name" value="HID Keyboard Device Thread"/>
      <property id="rtos.threadx.thread.stack" value="1024"/>
      <property id="rtos.threadx.thread.priority" value="1"/>
      <property id="rtos.threadx.thread.autostart" value="rtos.threadx.thread.autostart.enabled"/>
      <property id="rtos.threadx.thread.timeslice" value="1"/>
      <stack module="module.el.ux_device_class_hid.2125209577">
        <stack module="module.el.ux_device.745277555" requires="module.el.ux_device_class_cdcacm.requires.ux_device">
          <stack module="module.framework.sf_el_ux_dcd_fs.508750179" requires="module.el.ux_device.requires.sf_el_ux_dcd"/>
          <stack module="module.el.ux_v2.116929675" requires="module.el.ux_device.requires.ux_v2"/>
        </stack>
        <stack module="module.el.ux.interface_descriptor_hid.hid.1039757850" requires="module.el.ux_device_class_hid.requires.interface_descriptor_hid"/>
      </stack>
    </context>
    <config id="config.el.ux_v2"/>
    <config id="config.el.ux_device">
      <property id="config.el.ux_device.composite" value="config.el.ux_device.composite.disable"/>
    </config>
    <config id="config.driver.cgc">
      <property id="config.driver.cgc.param_checking_enable" value="config.driver.cgc.param_checking_enable.bsp"/>
      <property id="config.driver.cgc.main_osc_wait" value="config.driver.cgc.main_osc_wait.wait_8163"/>
      <property id="config.driver.cgc.main_osc_clock_source" value="config.driver.cgc.main_osc_clock_source.crystal"/>
      <property id="config.driver.cgc.subclock_drive" value="config.driver.cgc.subclock_drive.standard"/>
      <property id="config.driver.cgc.subclock_at_reset_enable" value="config.driver.cgc.subclock_at_reset_enable.enabled"/>
      <property id="config.driver.cgc.low_voltage_mode" value="config.driver.cgc.low_voltage_mode.disabled"/>
    </config>
    <config id="config.driver.ioport">
      <property id="config.driver.ioport.checking" value="config.driver.ioport.checking.system"/>
    </config>
    <config id="config.threadx.thread"/>
    <config id="config.framework.sf_el_ux">
      <property id="config.framework.sf_el_ux.VBUSENpin_logic" value="config.framework.sf_el_ux.VBUSENpin_logic.active_high"/>
      <property id="config.framework.sf_el_ux.hs_irq_ipl" value="board.icu.common.irq.disabled"/>
      <property id="config.framework.sf_el_ux.fs_irq_ipl" value="board.icu.common.irq.disabled"/>
    </config>
    <config id="config.framework.sf_el_ux_hcd_hs">
      <property id="config.framework.sf_el_ux_hcd_hs.irq_ipl" value="board.icu.common.irq.disabled"/>
      <property id="config.framework.sf_el_ux_hcd_hs.fifo_size" value="config.framework.sf_el_ux_hcd_hs.fifo_size.normal"/>
      <property id="config.framework.sf_el_ux_hcd_hs.bulk_pipe_start_index" value="config.framework.sf_el_ux_hcd_hs.bulk_pipe_start_index.pipe1"/>
      <property id="config.framework.sf_el_ux_hcd_hs.VBUSENpin_logic" value="config.framework.sf_el_ux_hcd_hs.VBUSENpin_logic.active_high"/>
      <property id="config.framework.sf_el_ux_hcd_hs.hs_bit" value="config.framework.sf_el_ux_hcd_hs.hs_bit.bitset_high"/>
    </config>
    <config id="config.framework.sf_el_ux_hcd_fs">
      <property id="config.framework.sf_el_ux_hcd_fs.irq_ipl" value="board.icu.common.irq.disabled"/>
      <property id="config.framework.sf_el_ux_hcd_fs.VBUSENpin_logic" value="config.framework.sf_el_ux_hcd_fs.VBUSENpin_logic.active_high"/>
      <property id="config.framework.sf_el_ux_hcd_fs.VCC_LDO_Regulator" value="config.framework.sf_el_ux_hcd_fs.VCC_LDO_Regulator.disabled"/>
    </config>
    <config id="config.framework.sf_el_ux_dcd_hs">
      <property id="config.framework.sf_el_ux_dcd_hs.irq_ipl" value="board.icu.common.irq.disabled"/>
    </config>
    <config id="config.framework.sf_el_ux_dcd_fs">
      <property id="config.framework.sf_el_ux_dcd_fs.irq_ipl" value="board.icu.common.irq.priority2"/>
      <property id="config.framework.sf_el_ux_dcd_fs.VCC_LDO_Regulator" value="config.framework.sf_el_ux_dcd_fs.VCC_LDO_Regulator.disabled"/>
    </config>
    <config id="config.driver.fmi">
      <property id="config.driver.fmi.param_checking_enable" value="config.driver.fmi.param_checking_enable.bsp"/>
      <property id="config.driver.fmi.custom_base_address_symbol" value="g_fmi_data"/>
      <property id="config.driver.fmi.part_number_mask" value="0xFE00"/>
    </config>
    <config id="config.driver.elc">
      <property id="config.driver.elc.checking" value="config.driver.elc.checking.system"/>
    </config>
  </synergyModuleConfiguration>
  <synergyPinConfiguration>
    <pincfg active="true" name="S124-DK.pincfg" symbol="g_bsp_pin_cfg"/>
  </synergyPinConfiguration>
</synergyConfiguration>
