<?xml version="1.0" encoding="UTF-8" standalone="no"?>
<synergyConfiguration version="3">
  <generalSettings>
    <option key="#Board#" value="board.s3a7dk"/>
    <option key="CPU" value="S3A7"/>
    <option key="#TargetName#" value="R7FS3A77C3A01CFB"/>
    <option key="#TargetARCHITECTURE#" value="cortex-m4"/>
    <option key="#RTOS#" value="Express Logic ThreadX"/>
    <option key="#pinconfiguration#" value="S3A7-DK.pincfg"/>
    <option key="#SSPVersion#" value="1.2.0"/>
    <option key="#DefaultLinkerScript#" value="S3A7.ld"/>
    <option key="#ConfigurationFragments#" value="Renesas##BSP##Board##s3a7_dk##"/>
  </generalSettings>
  <synergyBspConfiguration>
    <config id="config.bsp.s3a7.R7FS3A77C3A01CFB">
      <property id="config.bsp.part_number" value="config.bsp.part_number.value"/>
      <property id="config.bsp.rom_size_bytes" value="config.bsp.rom_size_bytes.value"/>
      <property id="config.bsp.ram_size_bytes" value="config.bsp.ram_size_bytes.value"/>
      <property id="config.bsp.data_flash_size_bytes" value="config.bsp.data_flash_size_bytes.value"/>
      <property id="config.bsp.package_style" value="config.bsp.package_style.value"/>
      <property id="config.bsp.package_pins" value="config.bsp.package_pins.value"/>
    </config>
    <config id="config.bsp.s3a7">
      <property id="config.bsp.series" value="config.bsp.series.value"/>
    </config>
    <config id="config.bsp.s3a7.ssp">
      <property id="config.bsp.s3a7.ssp.OFS0" value="config.bsp.s3a7.ssp.OFS0_Register.default"/>
      <property id="config.bsp.s3a7.ssp.OFS0.iwdt_start_mode" value="config.bsp.s3a7.ssp.OFS0.iwdt_start_mode.disabled"/>
      <property id="config.bsp.s3a7.ssp.OFS0.iwdt_timeout" value="config.bsp.s3a7.ssp.OFS0.iwdt_timeout.2048"/>
      <property id="config.bsp.s3a7.ssp.OFS0.iwdt_divisor" value="config.bsp.s3a7.ssp.OFS0.iwdt_divisor.128"/>
      <property id="config.bsp.s3a7.ssp.OFS0.iwdt_window_end" value="config.bsp.s3a7.ssp.OFS0.iwdt_window_end.0"/>
      <property id="config.bsp.s3a7.ssp.OFS0.iwdt_window_start" value="config.bsp.s3a7.ssp.OFS0.iwdt_window_start.100"/>
      <property id="config.bsp.s3a7.ssp.OFS0.iwdt_reset_interrupt" value="config.bsp.s3a7.ssp.OFS0.iwdt_reset_interrupt.Reset"/>
      <property id="config.bsp.s3a7.ssp.OFS0.iwdt_stop_control" value="config.bsp.s3a7.ssp.OFS0.iwdt_stop_control.stops"/>
      <property id="config.bsp.s3a7.ssp.OFS0.wdt_start_mode" value="config.bsp.s3a7.ssp.OFS0.wdt_start_mode.register"/>
      <property id="config.bsp.s3a7.ssp.OFS0.wdt_timeout" value="config.bsp.s3a7.ssp.OFS0.wdt_timeout.16384"/>
      <property id="config.bsp.s3a7.ssp.OFS0.wdt_divisor" value="config.bsp.s3a7.ssp.OFS0.wdt_divisor.128"/>
      <property id="config.bsp.s3a7.ssp.OFS0.wdt_window_end" value="config.bsp.s3a7.ssp.OFS0.wdt_window_end.0"/>
      <property id="config.bsp.s3a7.ssp.OFS0.wdt_window_start" value="config.bsp.s3a7.ssp.OFS0.wdt_window_start.100"/>
      <property id="config.bsp.s3a7.ssp.OFS0.wdt_reset_interrupt" value="config.bsp.s3a7.ssp.OFS0.wdt_reset_interrupt.Reset"/>
      <property id="config.bsp.s3a7.ssp.OFS0.wdt_stop_control" value="config.bsp.s3a7.ssp.OFS0.wdt_stop_control.stops"/>
      <property id="config.bsp.s3a7.ssp.OFS1" value="config.bsp.s3a7.ssp.OFS1_Register.default"/>
      <property id="config.bsp.s3a7.ssp.OFS1.voltage_detection0.start" value="config.bsp.s3a7.ssp.OFS1.voltage_detection0.start.disabled"/>
      <property id="config.bsp.s3a7.ssp.OFS1.voltage_detection0_level" value="config.bsp.s3a7.ssp.OFS1.voltage_detection0_level.190"/>
      <property id="config.bsp.s3a7.ssp.OFS1.hoco_osc" value="config.bsp.s3a7.ssp.OFS1.hoco_osc.disabled"/>
      <property id="config.bsp.s3a7.ssp.mpu_pc0_enable" value="config.bsp.s3a7.ssp.mpu_pc0_enable.disabled"/>
      <property id="config.bsp.s3a7.ssp.mpu_pc0_start" value="0x000FFFFC"/>
      <property id="config.bsp.s3a7.ssp.mpu_pc0_end" value="0x000FFFFF"/>
      <property id="config.bsp.s3a7.ssp.mpu_pc1_enable" value="config.bsp.s3a7.ssp.mpu_pc1_enable.disabled"/>
      <property id="config.bsp.s3a7.ssp.mpu_pc1_start" value="0x000FFFFC"/>
      <property id="config.bsp.s3a7.ssp.mpu_pc1_end" value="0x000FFFFF"/>
      <property id="config.bsp.s3a7.ssp.mpu_reg0_enable" value="config.bsp.s3a7.ssp.mpu_reg0_enable.disabled"/>
      <property id="config.bsp.s3a7.ssp.mpu_reg0_start" value="0x000FFFFC"/>
      <property id="config.bsp.s3a7.ssp.mpu_reg0_end" value="0x000FFFFF"/>
    </config>
    <config id="config.bsp.synergy">
      <property id="config.bsp.common.main" value="0x1000"/>
      <property id="config.bsp.common.process" value="0"/>
      <property id="config.bsp.common.heap" value="0x1000"/>
      <property id="config.bsp.common.vcc" value="3300"/>
      <property id="config.bsp.common.checking" value="config.bsp.common.checking.enabled"/>
      <property id="config.bsp.common.assert" value="config.bsp.common.assert.none"/>
      <property id="config.bsp.common.error_log" value="config.bsp.common.error_log.none"/>
      <property id="config.bsp.common.id1" value="0xFFFFFFFF"/>
      <property id="config.bsp.common.id2" value="0xFFFFFFFF"/>
      <property id="config.bsp.common.id3" value="0xFFFFFFFF"/>
      <property id="config.bsp.common.id4" value="0xFFFFFFFF"/>
    </config>
  </synergyBspConfiguration>
  <synergyClockConfiguration>
    <node id="board.clock.xtal.freq" mul="12000000" option="_edit"/>
    <node id="board.clock.pll.source" option="board.clock.pll.source.xtal"/>
    <node id="board.clock.hoco.freq" option="board.clock.hoco.freq.24m"/>
    <node id="board.clock.loco.freq" option="board.clock.loco.freq.32768"/>
    <node id="board.clock.moco.freq" option="board.clock.moco.freq.8m"/>
    <node id="board.clock.subclk.freq" option="board.clock.subclk.freq.32768"/>
    <node id="board.clock.pll.div" option="board.clock.pll.div.2"/>
    <node id="board.clock.pll.mul" option="board.clock.pll.mul.8"/>
    <node id="board.clock.pll.display" option="board.clock.pll.display.value"/>
    <node id="board.clock.clock.source" option="board.clock.clock.source.pll"/>
    <node id="board.clock.iclk.div" option="board.clock.iclk.div.1"/>
    <node id="board.clock.iclk.display" option="board.clock.iclk.display.value"/>
    <node id="board.clock.pclka.div" option="board.clock.pclka.div.1"/>
    <node id="board.clock.pclka.display" option="board.clock.pclka.display.value"/>
    <node id="board.clock.pclkb.div" option="board.clock.pclkb.div.2"/>
    <node id="board.clock.pclkb.display" option="board.clock.pclkb.display.value"/>
    <node id="board.clock.pclkc.div" option="board.clock.pclkc.div.1"/>
    <node id="board.clock.pclkc.display" option="board.clock.pclkc.display.value"/>
    <node id="board.clock.pclkd.div" option="board.clock.pclkd.div.1"/>
    <node id="board.clock.pclkd.display" option="board.clock.pclkd.display.value"/>
    <node id="board.clock.bclk.div" option="board.clock.bclk.div.2"/>
    <node id="board.clock.bclk.display" option="board.clock.bclk.display.value"/>
    <node id="board.clock.bclkout.div" option="board.clock.bclkout.div.2"/>
    <node id="board.clock.bclkout.display" option="board.clock.bclkout.display.value"/>
    <node id="board.clock.fclk.div" option="board.clock.fclk.div.2"/>
    <node id="board.clock.fclk.display" option="board.clock.fclk.display.value"/>
    <node id="board.clock.uclk.display" option="board.clock.uclk.display.value"/>
  </synergyClockConfiguration>
  <synergyComponentSelection>
    <component apiversion="" class="Common" condition="" group="all" subgroup="ssp_common" variant="" vendor="Renesas" version="1.2.0">
      <description>SSP Common Code</description>
      <originalPack>Renesas.Synergy.1.2.0.pack</originalPack>
    </component>
    <component apiversion="" class="HAL Drivers" condition="" group="all" subgroup="r_cgc" variant="" vendor="Renesas" version="1.2.0">
      <description>Clock Generation Circuit: Provides=[CGC]</description>
      <originalPack>Renesas.Synergy.1.2.0.pack</originalPack>
    </component>
    <component apiversion="" class="HAL Drivers" condition="" group="all" subgroup="r_elc" variant="" vendor="Renesas" version="1.2.0">
      <description>Event Link Controller: Provides=[ELC]</description>
      <originalPack>Renesas.Synergy.1.2.0.pack</originalPack>
    </component>
    <component apiversion="" class="HAL Drivers" condition="" group="all" subgroup="r_fmi" variant="" vendor="Renesas" version="1.2.0">
      <description>Factory MCU Information Module: Provides=[FMI]</description>
      <originalPack>Renesas.Synergy.1.2.0.pack</originalPack>
    </component>
    <component apiversion="" class="HAL Drivers" condition="" group="all" subgroup="r_ioport" variant="" vendor="Renesas" version="1.2.0">
      <description>I/O Port: Provides=[IO Port]</description>
      <originalPack>Renesas.Synergy.1.2.0.pack</originalPack>
    </component>
    <component apiversion="" class="Express Logic" condition="" group="all" subgroup="tx" variant="" vendor="Renesas" version="1.2.0">
      <description>Express Logic ThreadX: Provides=[ThreadX]</description>
      <originalPack>Renesas.Synergy.1.2.0.pack</originalPack>
    </component>
    <component apiversion="" class="BSP" condition="" group="s3a7" subgroup="device" variant="R7FS3A77C3A01CFB" vendor="Renesas" version="1.2.0">
      <description>Board support package for R7FS3A77C3A01CFB</description>
      <originalPack>Renesas.Synergy_mcu_s3a7.1.2.0.pack</originalPack>
    </component>
    <component apiversion="" class="BSP" condition="" group="s3a7" subgroup="device" variant="" vendor="Renesas" version="1.2.0">
      <description>Board support package for S3A7</description>
      <originalPack>Renesas.Synergy_mcu_s3a7.1.2.0.pack</originalPack>
    </component>
    <component apiversion="" class="BSP" condition="" group="s3a7" subgroup="ssp" variant="" vendor="Renesas" version="1.2.0">
      <description>Board support package for S3A7</description>
      <originalPack>Renesas.Synergy_mcu_s3a7.1.2.0.pack</originalPack>
    </component>
    <component apiversion="" class="BSP" condition="" group="Board" subgroup="s3a7_dk" variant="" vendor="Renesas" version="1.2.0">
      <description>S3A7_DK Board Support Files</description>
      <originalPack>Renesas.Synergy_board_s3a7_dk.1.2.0.pack</originalPack>
    </component>
    <component apiversion="" class="Framework Services" condition="" group="all" subgroup="sf_el_ux" variant="" vendor="Renesas" version="1.2.0">
      <description>Express Logic USBX Synergy Port: Provides=[USBX Driver] , Requires=[USBX ,Transfer]</description>
      <originalPack>Renesas.Synergy.1.2.0.pack</originalPack>
    </component>
    <component apiversion="" class="Express Logic" condition="" group="all" subgroup="ux" variant="" vendor="Renesas" version="1.2.0">
      <description>Express Logic USBX: Provides=[USBX] , Requires=[ThreadX ,USBX Driver]</description>
      <originalPack>Renesas.Synergy.1.2.0.pack</originalPack>
    </component>
    <component apiversion="" class="Express Logic" condition="" group="all" subgroup="ux_device_class_cdc_acm" variant="" vendor="Renesas" version="1.2.0">
      <description>Express Logic USBX Device Class CDC ACM: Provides=[USBX Device Class CDC ACM] , Requires=[ThreadX ,USBX]</description>
      <originalPack>Renesas.Synergy.1.2.0.pack</originalPack>
    </component>
  </synergyComponentSelection>
  <synergyIcuConfiguration/>
  <synergyMessagingConfiguration/>
  <synergyModuleConfiguration>
    <module id="module.driver.cgc_on_cgc.0">
      <property id="module.driver.cgc.name" value="g_cgc"/>
    </module>
    <module id="module.driver.elc_on_elc.0">
      <property id="module.driver.elc.name" value="g_elc"/>
    </module>
    <module id="module.driver.ioport_on_ioport.0">
      <property id="module.driver.ioport.name" value="g_ioport"/>
    </module>
    <module id="module.driver.fmi_on_fmi.0">
      <property id="module.driver.fmi.name" value="g_fmi"/>
    </module>
    <module id="module.el.ux_device_class_cdc_acm_v2.684021561">
      <property id="module.el.ux_device_class_cdc_acm_v2.name" value="g_ux_device_class_cdc_acm0"/>
      <property id="module.el.ux_device_class_cdc_acm_v2.pfunc_activate" value="ux_cdc_device0_instance_activate"/>
      <property id="module.el.ux_device_class_cdc_acm_v2.pfunc_deactivate" value="ux_cdc_device0_instance_deactivate"/>
    </module>
    <module id="module.el.ux_device.319664401">
      <property id="module.el.ux_device.idVendor" value="0x045B"/>
      <property id="module.el.ux_device.idProduct" value="0x5300"/>
      <property id="module.el.ux_device.bcdDevice" value="0x0000"/>
      <property id="module.el.ux_device.iManufacturer" value="0x00"/>
      <property id="module.el.ux_device.iProduct" value="0x00"/>
      <property id="module.el.ux_device.iSerialNumber" value="0x00"/>
      <property id="module.el.ux_device.bDeviceClass" value="module.el.ux_device.bDeviceClass.misc"/>
      <property id="module.el.ux_device.iConfiguration" value="0x00"/>
      <property id="module.el.ux_device.wTotalLength" value="0x00"/>
      <property id="module.el.ux_device.bNumInterfaces" value="0x00"/>
      <property id="module.el.ux_device.bmAttributes_bit6" value="module.el.ux_device.bmAttributes_bit6.enable"/>
      <property id="module.el.ux_device.bmAttributes_bit5" value="module.el.ux_device.bmAttributes_bit5.disable"/>
      <property id="module.el.ux_device.bMaxPower" value="50"/>
      <property id="module.el.ux_device.language_code" value="0x0409"/>
      <property id="module.el.ux_device.string_descriptor.name" value="NULL"/>
      <property id="module.el.ux_device.string_descriptor.index" value="0"/>
      <property id="module.el.ux_device.language_descriptor.name" value="NULL"/>
      <property id="module.el.ux_device.language_descriptor.number" value="0"/>
    </module>
    <module id="module.el.ux_v2.25097500">
      <property id="module.el.ux_v2.pool_memory_name" value="g_ux_pool_memory"/>
      <property id="module.el.ux_v2.pool_memory_size" value="18432"/>
      <property id="module.el.ux_v2.system_change_function" value="NULL"/>
    </module>
    <module id="module.el.ux.interface_descriptor_cdcacm.cdc_acm.934178546">
      <property id="module.el.ux.interface_descriptor_cdcacm.name" value="g_usb_interface_desc_cdcacm_0"/>
      <property id="module.el.ux.interface_descriptor_cdcacm.bInterfaceNumber_comm" value="0x00"/>
      <property id="module.el.ux.interface_descriptor_cdcacm.ep_interrupt" value="module.el.ux.interface_descriptor_cdcacm.ep_interrupt.ep3"/>
      <property id="module.el.ux.interface_descriptor_cdcacm.bInterval" value="0x0F"/>
      <property id="module.el.ux.interface_descriptor_cdcacm.bInterfaceNumber_data" value="0x01"/>
      <property id="module.el.ux.interface_descriptor_cdcacm.ep_bulk_out" value="module.el.ux.interface_descriptor_cdcacm.ep_bulk_out.ep1"/>
      <property id="module.el.ux.interface_descriptor_cdcacm.ep_bulk_in" value="module.el.ux.interface_descriptor_cdcacm.ep_bulk_in.ep2"/>
      <property id="module.el.ux.interface_descriptor_cdcacm.iInterface_comm" value="0x00"/>
      <property id="module.el.ux.interface_descriptor_cdcacm.iInterface_data" value="0x00"/>
    </module>
    <module id="module.framework.sf_el_ux_dcd_fs.649397081">
      <property id="module.framework.sf_el_ux_dcd_fs.name" value="g_sf_el_ux_dcd_fs_0"/>
      <property id="module.framework.sf_el_ux_dcd_fs.hw_address" value="R_USBFS_BASE"/>
    </module>
    <context id="_hal.0">
      <stack module="module.driver.ioport_on_ioport.0"/>
      <stack module="module.driver.fmi_on_fmi.0"/>
      <stack module="module.driver.cgc_on_cgc.0"/>
      <stack module="module.driver.elc_on_elc.0"/>
    </context>
    <context id="rtos.threadx.thread.137304419">
      <property id="_symbol" value="new_thread0"/>
      <property id="rtos.threadx.thread.name" value="New Thread"/>
      <property id="rtos.threadx.thread.stack" value="1024"/>
      <property id="rtos.threadx.thread.priority" value="1"/>
      <property id="rtos.threadx.thread.autostart" value="rtos.threadx.thread.autostart.enabled"/>
      <property id="rtos.threadx.thread.timeslice" value="1"/>
      <stack module="module.el.ux_device_class_cdc_acm_v2.684021561">
        <stack module="module.el.ux_device.319664401" requires="module.el.ux_device_class_cdc_acm_v2.requires.ux_device">
          <stack module="module.framework.sf_el_ux_dcd_fs.649397081" requires="module.el.ux_device.requires.sf_el_ux_dcd"/>
          <stack module="module.el.ux_v2.25097500" requires="module.el.ux_device.requires.ux_v2"/>
        </stack>
        <stack module="module.el.ux.interface_descriptor_cdcacm.cdc_acm.934178546" requires="module.el.ux_device_class_cdc_acm_v2.requires.interface_descriptor_cdcacm"/>
      </stack>
      <object id="rtos.threadx.object.flags.636427208">
        <property id="rtos.threadx.object.flags.name" value="CDCACM Activate Event Flags"/>
        <property id="rtos.threadx.object.flags.symbol" value="g_cdcacm_activate_event_flags0"/>
      </object>
    </context>
    <config id="config.el.ux_v2"/>
    <config id="config.driver.cgc">
      <property id="config.driver.cgc.param_checking_enable" value="config.driver.cgc.param_checking_enable.bsp"/>
      <property id="config.driver.cgc.main_osc_wait" value="config.driver.cgc.main_osc_wait.wait_8163"/>
      <property id="config.driver.cgc.main_osc_clock_source" value="config.driver.cgc.main_osc_clock_source.crystal"/>
      <property id="config.driver.cgc.osc_stop_det_used" value="config.driver.cgc.osc_stop_det_used.enabled"/>
      <property id="config.driver.cgc.subclock_drive" value="config.driver.cgc.subclock_drive.standard"/>
      <property id="config.driver.cgc.low_voltage_mode" value="config.driver.cgc.low_voltage_mode.disabled"/>
    </config>
    <config id="config.driver.ioport">
      <property id="config.driver.ioport.checking" value="config.driver.ioport.checking.system"/>
    </config>
    <config id="config.threadx.thread"/>
    <config id="config.framework.sf_el_ux">
      <property id="config.framework.sf_el_ux.VBUSENpin_logic" value="config.framework.sf_el_ux.VBUSENpin_logic.active_high"/>
      <property id="config.framework.sf_el_ux.hs_irq_ipl" value="board.icu.common.irq.disabled"/>
      <property id="config.framework.sf_el_ux.fs_irq_ipl" value="board.icu.common.irq.disabled"/>
    </config>
    <config id="config.framework.sf_el_ux_hcd_hs">
      <property id="config.framework.sf_el_ux_hcd_hs.irq_ipl" value="board.icu.common.irq.disabled"/>
      <property id="config.framework.sf_el_ux_hcd_hs.fifo_size" value="config.framework.sf_el_ux_hcd_hs.fifo_size.normal"/>
      <property id="config.framework.sf_el_ux_hcd_hs.VBUSENpin_logic" value="config.framework.sf_el_ux_hcd_hs.VBUSENpin_logic.active_high"/>
      <property id="config.framework.sf_el_ux_hcd_hs.hs_bit" value="config.framework.sf_el_ux_hcd_hs.hs_bit.bitset_high"/>
    </config>
    <config id="config.framework.sf_el_ux_hcd_fs">
      <property id="config.framework.sf_el_ux_hcd_fs.irq_ipl" value="board.icu.common.irq.disabled"/>
      <property id="config.framework.sf_el_ux_hcd_fs.VBUSENpin_logic" value="config.framework.sf_el_ux_hcd_fs.VBUSENpin_logic.active_high"/>
    </config>
    <config id="config.framework.sf_el_ux_dcd_hs">
      <property id="config.framework.sf_el_ux_dcd_hs.irq_ipl" value="board.icu.common.irq.disabled"/>
    </config>
    <config id="config.framework.sf_el_ux_dcd_fs">
      <property id="config.framework.sf_el_ux_dcd_fs.irq_ipl" value="board.icu.common.irq.priority3"/>
    </config>
    <config id="config.driver.fmi">
      <property id="config.driver.fmi.param_checking_enable" value="config.driver.fmi.param_checking_enable.bsp"/>
      <property id="config.driver.fmi.custom_base_address_symbol" value="g_fmi_data"/>
      <property id="config.driver.fmi.part_number_mask" value="0xFE00"/>
    </config>
    <config id="config.driver.elc">
      <property id="config.driver.elc.checking" value="config.driver.elc.checking.system"/>
    </config>
  </synergyModuleConfiguration>
  <synergyPinConfiguration>
    <pincfg active="true" name="S3A7-DK.pincfg" symbol="g_bsp_pin_cfg"/>
  </synergyPinConfiguration>
</synergyConfiguration>
