<?xml version="1.0" encoding="UTF-8" standalone="no"?>
<synergyConfiguration version="4">
  <generalSettings>
    <option key="#Board#" value="board.s7g2pehmi1"/>
    <option key="CPU" value="S7G2"/>
    <option key="#TargetName#" value="R7FS7G27H2A01CBD"/>
    <option key="#TargetARCHITECTURE#" value="cortex-m4"/>
    <option key="#RTOS#" value="Express Logic ThreadX"/>
    <option key="#pinconfiguration#" value="S7G2-PE-HMI.pincfg"/>
    <option key="#SSPVersion#" value="1.6.0"/>
    <option key="#DefaultLinkerScript#" value="s7g2.ld"/>
    <option key="#ConfigurationFragments#" value="Renesas##BSP##Board##s7g2_sk##|Renesas##BSP##Board##s7g2_pe_hmi1##"/>
  </generalSettings>
  <synergyBspConfiguration>
    <config id="config.bsp.s7g2.R7FS7G27H2A01CBD">
      <property id="config.bsp.part_number" value="config.bsp.part_number.value"/>
      <property id="config.bsp.rom_size_bytes" value="config.bsp.rom_size_bytes.value"/>
      <property id="config.bsp.ram_size_bytes" value="config.bsp.ram_size_bytes.value"/>
      <property id="config.bsp.data_flash_size_bytes" value="config.bsp.data_flash_size_bytes.value"/>
      <property id="config.bsp.package_style" value="config.bsp.package_style.value"/>
      <property id="config.bsp.package_pins" value="config.bsp.package_pins.value"/>
    </config>
    <config id="config.bsp.s7g2">
      <property id="config.bsp.series" value="config.bsp.series.value"/>
    </config>
    <config id="config.bsp.s7g2.ssp">
      <property id="config.bsp.s7g2.ssp.OFS0" value="config.bsp.s7g2.ssp.OFS0_Register.default"/>
      <property id="config.bsp.s7g2.ssp.OFS0.iwdt_start_mode" value="config.bsp.s7g2.ssp.OFS0.iwdt_start_mode.disabled"/>
      <property id="config.bsp.s7g2.ssp.OFS0.iwdt_timeout" value="config.bsp.s7g2.ssp.OFS0.iwdt_timeout.2048"/>
      <property id="config.bsp.s7g2.ssp.OFS0.iwdt_divisor" value="config.bsp.s7g2.ssp.OFS0.iwdt_divisor.128"/>
      <property id="config.bsp.s7g2.ssp.OFS0.iwdt_window_end" value="config.bsp.s7g2.ssp.OFS0.iwdt_window_end.0"/>
      <property id="config.bsp.s7g2.ssp.OFS0.iwdt_window_start" value="config.bsp.s7g2.ssp.OFS0.iwdt_window_start.100"/>
      <property id="config.bsp.s7g2.ssp.OFS0.iwdt_reset_interrupt" value="config.bsp.s7g2.ssp.OFS0.iwdt_reset_interrupt.Reset"/>
      <property id="config.bsp.s7g2.ssp.OFS0.iwdt_stop_control" value="config.bsp.s7g2.ssp.OFS0.iwdt_stop_control.stops"/>
      <property id="config.bsp.s7g2.ssp.OFS0.wdt_start_mode" value="config.bsp.s7g2.ssp.OFS0.wdt_start_mode.register"/>
      <property id="config.bsp.s7g2.ssp.OFS0.wdt_timeout" value="config.bsp.s7g2.ssp.OFS0.wdt_timeout.16384"/>
      <property id="config.bsp.s7g2.ssp.OFS0.wdt_divisor" value="config.bsp.s7g2.ssp.OFS0.wdt_divisor.128"/>
      <property id="config.bsp.s7g2.ssp.OFS0.wdt_window_end" value="config.bsp.s7g2.ssp.OFS0.wdt_window_end.0"/>
      <property id="config.bsp.s7g2.ssp.OFS0.wdt_window_start" value="config.bsp.s7g2.ssp.OFS0.wdt_window_start.100"/>
      <property id="config.bsp.s7g2.ssp.OFS0.wdt_reset_interrupt" value="config.bsp.s7g2.ssp.OFS0.wdt_reset_interrupt.Reset"/>
      <property id="config.bsp.s7g2.ssp.OFS0.wdt_stop_control" value="config.bsp.s7g2.ssp.OFS0.wdt_stop_control.stops"/>
      <property id="config.bsp.s7g2.ssp.OFS1" value="config.bsp.s7g2.ssp.OFS1_Register.default"/>
      <property id="config.bsp.s7g2.ssp.OFS1.voltage_detection0.start" value="config.bsp.s7g2.ssp.OFS1.voltage_detection0.start.disabled"/>
      <property id="config.bsp.s7g2.ssp.OFS1.voltage_detection0_level" value="config.bsp.s7g2.ssp.OFS1.voltage_detection0_level.280"/>
      <property id="config.bsp.s7g2.ssp.OFS1.hoco_osc" value="config.bsp.s7g2.ssp.OFS1.hoco_osc.disabled"/>
    </config>
    <config id="config.bsp.synergy">
      <property id="config.bsp.common.main" value="0x1000"/>
      <property id="config.bsp.common.process" value="0"/>
      <property id="config.bsp.common.heap" value="0x1000"/>
      <property id="config.bsp.common.vcc" value="3300"/>
      <property id="config.bsp.common.avcc0" value="3300"/>
      <property id="config.bsp.common.checking" value="config.bsp.common.checking.enabled"/>
      <property id="config.bsp.common.assert" value="config.bsp.common.assert.none"/>
      <property id="config.bsp.common.error_log" value="config.bsp.common.error_log.none"/>
      <property id="config.bsp.common.id_mode" value="config.bsp.common.id_mode.unlocked"/>
      <property id="config.bsp.common.id_code" value="FFFFFFFFFFFFFFFFFFFFFFFFFFFFFFFF"/>
      <property id="config.bsp.common.id1" value="0xFFFFFFFF"/>
      <property id="config.bsp.common.id2" value="0xFFFFFFFF"/>
      <property id="config.bsp.common.id3" value="0xFFFFFFFF"/>
      <property id="config.bsp.common.id4" value="0xFFFFFFFF"/>
      <property id="config.bsp.common.id_fixed" value=""/>
    </config>
  </synergyBspConfiguration>
  <synergyClockConfiguration>
    <node id="board.clock.xtal.freq" mul="24000000" option="_edit"/>
    <node id="board.clock.usbmclk.freq" option="board.clock.usbmclk.freq"/>
    <node id="board.clock.pll.source" option="board.clock.pll.source.xtal"/>
    <node id="board.clock.hoco.freq" option="board.clock.hoco.freq.20m"/>
    <node id="board.clock.loco.freq" option="board.clock.loco.freq.32768"/>
    <node id="board.clock.moco.freq" option="board.clock.moco.freq.8m"/>
    <node id="board.clock.subclk.freq" option="board.clock.subclk.freq.32768"/>
    <node id="board.clock.pll.div" option="board.clock.pll.div.2"/>
    <node id="board.clock.pll.mul" option="board.clock.pll.mul.200"/>
    <node id="board.clock.pll.display" option="board.clock.pll.display.value"/>
    <node id="board.clock.clock.source" option="board.clock.clock.source.pll"/>
    <node id="board.clock.iclk.div" option="board.clock.iclk.div.1"/>
    <node id="board.clock.iclk.display" option="board.clock.iclk.display.value"/>
    <node id="board.clock.pclka.div" option="board.clock.pclka.div.2"/>
    <node id="board.clock.pclka.display" option="board.clock.pclka.display.value"/>
    <node id="board.clock.pclkb.div" option="board.clock.pclkb.div.4"/>
    <node id="board.clock.pclkb.display" option="board.clock.pclkb.display.value"/>
    <node id="board.clock.pclkc.div" option="board.clock.pclkc.div.4"/>
    <node id="board.clock.pclkc.display" option="board.clock.pclkc.display.value"/>
    <node id="board.clock.pclkd.div" option="board.clock.pclkd.div.2"/>
    <node id="board.clock.pclkd.display" option="board.clock.pclkd.display.value"/>
    <node id="board.clock.sdclkout.div" option="board.clock.sdclkout.div.1"/>
    <node id="board.clock.sdclkout.display" option="board.clock.sdclkout.display.value"/>
    <node id="board.clock.bclk.div" option="board.clock.bclk.div.2"/>
    <node id="board.clock.bclk.display" option="board.clock.bclk.display.value"/>
    <node id="board.clock.bclkout.div" option="board.clock.bclkout.div.2"/>
    <node id="board.clock.bclkout.display" option="board.clock.bclkout.display.value"/>
    <node id="board.clock.uclk.div" option="board.clock.uclk.div.5"/>
    <node id="board.clock.uclk.display" option="board.clock.uclk.display.value"/>
    <node id="board.clock.fclk.div" option="board.clock.fclk.div.4"/>
    <node id="board.clock.fclk.display" option="board.clock.fclk.display.value"/>
  </synergyClockConfiguration>
  <synergyComponentSelection>
    <component apiversion="" class="BSP" condition="" group="s7g2" subgroup="device" variant="R7FS7G27H2A01CBD" vendor="Renesas" version="1.6.0">
      <description>Board support package for R7FS7G27H2A01CBD</description>
      <originalPack>Renesas.Synergy_mcu_s7g2.1.6.0.pack</originalPack>
    </component>
    <component apiversion="" class="BSP" condition="" group="s7g2" subgroup="device" variant="" vendor="Renesas" version="1.6.0">
      <description>Board support package for S7G2</description>
      <originalPack>Renesas.Synergy_mcu_s7g2.1.6.0.pack</originalPack>
    </component>
    <component apiversion="" class="BSP" condition="" group="s7g2" subgroup="ssp" variant="" vendor="Renesas" version="1.6.0">
      <description>Board support package for S7G2</description>
      <originalPack>Renesas.Synergy_mcu_s7g2.1.6.0.pack</originalPack>
    </component>
    <component apiversion="" class="BSP" condition="" group="Board" subgroup="s7g2_pe_hmi1" variant="" vendor="Renesas" version="1.6.0">
      <description>S7G2_PE_HMI1 Board Support Files</description>
      <originalPack>Renesas.Synergy_board_s7g2_pe_hmi1.1.6.0.pack</originalPack>
    </component>
    <component apiversion="" class="Common" condition="" group="all" subgroup="ssp_common" variant="" vendor="Renesas" version="1.6.0">
      <description>SSP Common Code</description>
      <originalPack>Renesas.Synergy.1.6.0.pack</originalPack>
    </component>
    <component apiversion="" class="Framework Services" condition="" group="all" subgroup="sf_el_nx" variant="" vendor="Renesas" version="1.6.0">
      <description>Express Logic NetX Synergy Port: Provides=[NetX Driver] , Requires=[NetX]</description>
      <originalPack>Renesas.Synergy.1.6.0.pack</originalPack>
    </component>
    <component apiversion="" class="Framework Services" condition="" group="all" subgroup="sf_el_ux" variant="" vendor="Renesas" version="1.6.0">
      <description>Express Logic USBX Synergy Port: Provides=[USBX Driver] , Requires=[USBX ,Transfer]</description>
      <originalPack>Renesas.Synergy.1.6.0.pack</originalPack>
    </component>
    <component apiversion="" class="Express Logic" condition="" group="all" subgroup="nxd_http_server" variant="" vendor="Renesas" version="1.6.0">
      <description>Express Logic NetX Duo HTTP Server: Provides=[NetX Duo HTTP Server] , Requires=[NetX Duo ,NetX MD5]</description>
      <originalPack>Renesas.Synergy.1.6.0.pack</originalPack>
    </component>
    <component apiversion="" class="HAL Drivers" condition="" group="all" subgroup="r_cgc" variant="" vendor="Renesas" version="1.6.0">
      <description>Clock Generation Circuit: Provides=[CGC]</description>
      <originalPack>Renesas.Synergy.1.6.0.pack</originalPack>
    </component>
    <component apiversion="" class="HAL Drivers" condition="" group="all" subgroup="r_dmac" variant="" vendor="Renesas" version="1.6.0">
      <description>Direct Memory Access Controller: Provides=[Transfer]</description>
      <originalPack>Renesas.Synergy.1.6.0.pack</originalPack>
    </component>
    <component apiversion="" class="HAL Drivers" condition="" group="all" subgroup="r_elc" variant="" vendor="Renesas" version="1.6.0">
      <description>Event Link Controller: Provides=[ELC]</description>
      <originalPack>Renesas.Synergy.1.6.0.pack</originalPack>
    </component>
    <component apiversion="" class="HAL Drivers" condition="" group="all" subgroup="r_fmi" variant="" vendor="Renesas" version="1.6.0">
      <description>Factory MCU Information Module: Provides=[FMI]</description>
      <originalPack>Renesas.Synergy.1.6.0.pack</originalPack>
    </component>
    <component apiversion="" class="HAL Drivers" condition="" group="all" subgroup="r_ioport" variant="" vendor="Renesas" version="1.6.0">
      <description>I/O Port: Provides=[IO Port]</description>
      <originalPack>Renesas.Synergy.1.6.0.pack</originalPack>
    </component>
    <component apiversion="" class="Express Logic" condition="" group="all" subgroup="fx" variant="" vendor="Renesas" version="1.6.0">
      <description>Express Logic FileX: Provides=[FileX] , Requires=[FileX I/O ,ThreadX]</description>
      <originalPack>Renesas.Synergy.1.6.0.pack</originalPack>
    </component>
    <component apiversion="" class="Express Logic" condition="" group="all" subgroup="nxd" variant="" vendor="Renesas" version="1.6.0">
      <description>Express Logic NetX Duo: Provides=[NetX Duo] , Requires=[ThreadX ,NetX Driver]</description>
      <originalPack>Renesas.Synergy.1.6.0.pack</originalPack>
    </component>
    <component apiversion="" class="Express Logic" condition="" group="all" subgroup="nx_md5" variant="" vendor="Renesas" version="1.6.0">
      <description>Express Logic NetX MD5: Provides=[NetX MD5]</description>
      <originalPack>Renesas.Synergy.1.6.0.pack</originalPack>
    </component>
    <component apiversion="" class="Express Logic" condition="" group="all" subgroup="tx" variant="" vendor="Renesas" version="1.6.0">
      <description>Express Logic ThreadX: Provides=[ThreadX]</description>
      <originalPack>Renesas.Synergy.1.6.0.pack</originalPack>
    </component>
    <component apiversion="" class="Express Logic" condition="" group="all" subgroup="ux" variant="" vendor="Renesas" version="1.6.0">
      <description>Express Logic USBX: Provides=[USBX] , Requires=[ThreadX ,USBX Driver]</description>
      <originalPack>Renesas.Synergy.1.6.0.pack</originalPack>
    </component>
    <component apiversion="" class="Express Logic" condition="" group="all" subgroup="ux_host_class_storage" variant="" vendor="Renesas" version="1.6.0">
      <description>Express Logic USBX Host Class Storage: Provides=[USBX Host Class Storage] , Requires=[ThreadX ,USBX]</description>
      <originalPack>Renesas.Synergy.1.6.0.pack</originalPack>
    </component>
  </synergyComponentSelection>
  <synergyIcuConfiguration/>
  <synergyMessagingConfiguration/>
  <synergyModuleConfiguration>
    <module id="module.driver.cgc_on_cgc.0">
      <property id="module.driver.cgc.name" value="g_cgc"/>
    </module>
    <module id="module.driver.elc_on_elc.0">
      <property id="module.driver.elc.name" value="g_elc"/>
    </module>
    <module id="module.driver.ioport_on_ioport.0">
      <property id="module.driver.ioport.name" value="g_ioport"/>
    </module>
    <module id="module.driver.fmi_on_fmi.0">
      <property id="module.driver.fmi.name" value="g_fmi"/>
    </module>
    <module id="module.el.nxd_http_server.519641823">
      <property id="module.el.nx_http_server.name" value="g_http_server0"/>
      <property id="module.el.nx_http_server.stack_size" value="4096"/>
      <property id="module.el.nx_http_server.authentication_function" value="authentication_check"/>
      <property id="module.el.nx_http_server.request_notify_function" value="request_notify"/>
      <property id="module.el.nx_http_server.init_function" value="http_server_init0"/>
      <property id="module.el.nx_http_server.init" value="module.el.nx_http_server.init.enable"/>
    </module>
    <module id="module.el.nxd.ip.529226135">
      <property id="module.el.nx.ip.name" value="g_ip0"/>
      <property id="module.el.nx.ip.address" value="192,168,0,2"/>
      <property id="module.el.nx.ip.subnet_mask" value="255,255,255,0"/>
      <property id="module.el.nx.ip.gateway_address" value="0,0,0,0"/>
      <property id="module.el.nx.ipv6.address_global" value="0x2001,0xEE08,0x0,0x0,0x0,0x0,0x0,0x100"/>
      <property id="module.el.nx.ipv6.address_local" value="0x0,0x0,0x0,0x0,0x0,0x0,0x0,0x0"/>
      <property id="module.el.nx.ip.stack_size" value="2048"/>
      <property id="module.el.nx.ip.priority" value="3"/>
      <property id="module.el.nx.ip.arp" value="module.el.nx.ip.arp.enable"/>
      <property id="module.el.nx.ip.arp_cache_size_units" value="module.el.nx.ip.arp_cache_size_units.bytes"/>
      <property id="module.el.nx.ip.arp_cache_size" value="520"/>
      <property id="module.el.nx.ip.rarp" value="module.el.nx.ip.rarp.disable"/>
      <property id="module.el.nx.ip.tcp" value="module.el.nx.ip.tcp.enable"/>
      <property id="module.el.nx.ip.udp" value="module.el.nx.ip.udp.enable"/>
      <property id="module.el.nx.ip.icmp" value="module.el.nx.ip.icmp.enable"/>
      <property id="module.el.nx.ip.igmp" value="module.el.nx.ip.igmp.enable"/>
      <property id="module.el.nx.ip.fragmentation" value="module.el.nx.ip.fragmentation.enable"/>
      <property id="module.el.nx.ip.init_function" value="ip_init0"/>
      <property id="module.el.nx.ip.init" value="module.el.nx.ip.init.enable"/>
      <property id="module.el.nx.ip.link_change_callback" value="NULL"/>
    </module>
    <module id="module.el.nxd_common.2012789569">
      <property id="module.el.nxd_common.init_function" value="nx_common_init0"/>
      <property id="module.el.nxd_common.init" value="module.el.nxd_common.init.enable"/>
    </module>
    <module id="module.el.nxd.packet_pool.1644705223">
      <property id="module.el.nx.packet_pool.name" value="g_packet_pool0"/>
      <property id="module.el.nx.packet_pool.packet_size" value="2048"/>
      <property id="module.el.nx.packet_pool.number_of_packets" value="32"/>
      <property id="module.el.nx.packet_pool.init_function" value="packet_pool_init0"/>
      <property id="module.el.nx.packet_pool.init" value="module.el.nx.packet_pool.init.enable"/>
    </module>
    <module id="module.framework.sf_el_nx.926624289">
      <property id="module.framework.sf_el_nx.name" value="g_sf_el_nx"/>
      <property id="module.framework.sf_el_nx.channel" value="1"/>
      <property id="module.framework.sf_el_nx.mac_update_callback" value="NULL"/>
      <property id="module.framework.sf_el_nx.receive_callback" value="NULL"/>
    </module>
    <module id="module.el.nxd_http_common.381809505"/>
    <module id="module.el.ns_md5.560673887"/>
    <module id="module.framework.fx_usbmsc.697947078">
      <property id="module.framework.fx.name" value="g_fx_media0"/>
      <property id="module.framework.fx.init_function" value="fx_media_init_function0"/>
      <property id="module.framework.fx_usbmsc.media_init" value="module.framework.fx_usbmsc.media_init.enable"/>
      <property id="module.framework.fx_usbmsc.init_timeout" value="1000"/>
    </module>
    <module id="module.el.ux_host_class_storage.1081947096">
      <property id="module.el.host_class.name" value="g_ux_host_class_storage0"/>
    </module>
    <module id="module.el.ux_host.634600015">
      <property id="module.el.ux_host.name" value="g_ux_host_0"/>
      <property id="module.el.ux_host.init_function" value="ux_host_init0"/>
      <property id="module.el.ux_host.init" value="module.el.ux_host.init.enable"/>
    </module>
    <module id="module.el.ux_v2.1984432013">
      <property id="module.el.ux_v2.pool_memory_name" value="g_ux_pool_memory"/>
      <property id="module.el.ux_v2.pool_memory_size" value="65536"/>
      <property id="module.el.ux_v2.system_change_function" value="ux_host_change_callback"/>
      <property id="module.el.ux_v2.init_function" value="ux_common_init0"/>
      <property id="module.el.ux_v2.init" value="module.el.ux_v2.init.enable"/>
    </module>
    <module id="module.el.fx_common.900191146">
      <property id="module.el.fx_common.init_function" value="fx_common_init0"/>
      <property id="module.el.fx_common.init" value="module.el.fx_common.init.enable"/>
    </module>
    <module id="module.framework.sf_el_ux_hcd_hs.1395878565">
      <property id="module.framework.sf_el_ux_hcd.name" value="g_sf_el_ux_hcd_hs_0"/>
      <property id="module.framework.sf_el_ux_hcd.hw_address" value="module.framework.sf_el_ux_hcd.hw_address.hs"/>
    </module>
    <module id="module.driver.transfer_on_dmac.172861315">
      <property id="module.driver.transfer.name" value="g_transfer0"/>
      <property id="module.driver.transfer.channel" value="0"/>
      <property id="module.driver.transfer.mode" value="module.driver.transfer.mode.mode_normal"/>
      <property id="module.driver.transfer.size" value="module.driver.transfer.size.size_2_byte"/>
      <property id="module.driver.transfer.dest_addr_mode" value="module.driver.transfer.dest_addr_mode.addr_mode_fixed"/>
      <property id="module.driver.transfer.src_addr_mode" value="module.driver.transfer.src_addr_mode.addr_mode_fixed"/>
      <property id="module.driver.transfer.repeat_area" value="module.driver.transfer.repeat_area.repeat_area_source"/>
      <property id="module.driver.transfer.p_dest" value="NULL"/>
      <property id="module.driver.transfer.p_src" value="NULL"/>
      <property id="module.driver.transfer.length" value="0"/>
      <property id="module.driver.transfer.num_blocks" value="0"/>
      <property id="module.driver.transfer.activation_source" value="module.driver.transfer.event.event_elc_software_event_0"/>
      <property id="module.driver.transfer.auto_enable" value="module.driver.transfer.auto_enable.true"/>
      <property id="module.driver.transfer.p_callback" value="NULL"/>
      <property id="module.driver.transfer.irq_ipl" value="board.icu.common.irq.priority2"/>
    </module>
    <module id="module.driver.transfer_on_dmac.1196180776">
      <property id="module.driver.transfer.name" value="g_transfer1"/>
      <property id="module.driver.transfer.channel" value="1"/>
      <property id="module.driver.transfer.mode" value="module.driver.transfer.mode.mode_normal"/>
      <property id="module.driver.transfer.size" value="module.driver.transfer.size.size_2_byte"/>
      <property id="module.driver.transfer.dest_addr_mode" value="module.driver.transfer.dest_addr_mode.addr_mode_fixed"/>
      <property id="module.driver.transfer.src_addr_mode" value="module.driver.transfer.src_addr_mode.addr_mode_fixed"/>
      <property id="module.driver.transfer.repeat_area" value="module.driver.transfer.repeat_area.repeat_area_source"/>
      <property id="module.driver.transfer.p_dest" value="NULL"/>
      <property id="module.driver.transfer.p_src" value="NULL"/>
      <property id="module.driver.transfer.length" value="0"/>
      <property id="module.driver.transfer.num_blocks" value="0"/>
      <property id="module.driver.transfer.activation_source" value="module.driver.transfer.event.event_elc_software_event_0"/>
      <property id="module.driver.transfer.auto_enable" value="module.driver.transfer.auto_enable.true"/>
      <property id="module.driver.transfer.p_callback" value="NULL"/>
      <property id="module.driver.transfer.irq_ipl" value="board.icu.common.irq.priority2"/>
    </module>
    <module id="module.el.nxd.packet_pool.1203139816">
      <property id="module.el.nx.packet_pool.name" value="g_packet_pool1"/>
      <property id="module.el.nx.packet_pool.packet_size" value="2048"/>
      <property id="module.el.nx.packet_pool.number_of_packets" value="32"/>
      <property id="module.el.nx.packet_pool.init_function" value="packet_pool_init1"/>
      <property id="module.el.nx.packet_pool.init" value="module.el.nx.packet_pool.init.enable"/>
    </module>
    <context id="_hal.0">
      <stack module="module.driver.cgc_on_cgc.0"/>
      <stack module="module.driver.elc_on_elc.0"/>
      <stack module="module.driver.fmi_on_fmi.0"/>
      <stack module="module.driver.ioport_on_ioport.0"/>
    </context>
    <context id="rtos.threadx.thread.422268524">
      <property id="_symbol" value="http_server_thread"/>
      <property id="rtos.threadx.thread.name" value="HTTP Server Thread"/>
      <property id="rtos.threadx.thread.stack" value="4096"/>
      <property id="rtos.threadx.thread.priority" value="1"/>
      <property id="rtos.threadx.thread.autostart" value="rtos.threadx.thread.autostart.enabled"/>
      <property id="rtos.threadx.thread.timeslice" value="1"/>
      <stack module="module.el.nxd_http_server.519641823">
        <stack module="module.el.nxd.ip.529226135" requires="module.el.nx_http_server.requires.nxd.ip">
          <stack module="module.el.nxd_common.2012789569" requires="module.el.nx.ip.requires.nxd_common"/>
          <stack module="module.el.nxd.packet_pool.1644705223" requires="module.el.nx.ip.requires.nxd.packet_pool">
            <stack module="module.el.nxd_common.2012789569" requires="module.el.nx.packet_pool.requires.nxd_common"/>
          </stack>
          <stack module="module.framework.sf_el_nx.926624289" requires="module.el.nx.ip.requires.sf_el_nx"/>
        </stack>
        <stack module="module.framework.fx_usbmsc.697947078" requires="module.el.nx_http_server.requires.fx">
          <stack module="module.el.ux_host_class_storage.1081947096" requires="module.framework.fx_usbmsc.requires.ux_host_class_storage">
            <stack module="module.el.ux_host.634600015" requires="module.el.ux_host_class_storage.requires.ux_host">
              <stack module="module.framework.sf_el_ux_hcd_hs.1395878565" requires="module.el.ux_host.requires.sf_el_ux_hcd">
                <stack module="module.driver.transfer_on_dmac.172861315" requires="module.framework.sf_el_ux_hcd.requires.transfer_tx"/>
                <stack module="module.driver.transfer_on_dmac.1196180776" requires="module.framework.sf_el_ux_hcd.requires.transfer_rx"/>
              </stack>
              <stack module="module.el.ux_v2.1984432013" requires="module.el.ux_host.requires.ux_v2"/>
            </stack>
          </stack>
          <stack module="module.el.fx_common.900191146" requires="module.framework.fx_usbmsc.requires.fx_common"/>
        </stack>
        <stack module="module.el.nxd.packet_pool.1203139816" requires="module.el.nx_http_server.requires.nxd.packet_pool">
          <stack module="module.el.nxd_common.2012789569" requires="module.el.nx.packet_pool.requires.nxd_common"/>
        </stack>
        <stack module="module.el.nxd_http_common.381809505" requires="module.el.nx_http_server.requires.nxd_http_common">
          <stack module="module.el.ns_md5.560673887" requires="module.el.nx_http_common.requires.nxd_md5"/>
        </stack>
      </stack>
    </context>
    <context id="rtos.threadx.thread.1681317401">
      <property id="_symbol" value="thread0"/>
      <property id="rtos.threadx.thread.name" value="Thread0"/>
      <property id="rtos.threadx.thread.stack" value="4096"/>
      <property id="rtos.threadx.thread.priority" value="1"/>
      <property id="rtos.threadx.thread.autostart" value="rtos.threadx.thread.autostart.enabled"/>
      <property id="rtos.threadx.thread.timeslice" value="1"/>
      <object id="rtos.threadx.object.flags.749999454">
        <property id="rtos.threadx.object.flags.name" value="event flags 0"/>
        <property id="rtos.threadx.object.flags.symbol" value="g_event_flags_0"/>
      </object>
    </context>
    <context id="rtos.threadx.thread.1922318145">
      <property id="_symbol" value="thread1"/>
      <property id="rtos.threadx.thread.name" value="Thread1"/>
      <property id="rtos.threadx.thread.stack" value="4096"/>
      <property id="rtos.threadx.thread.priority" value="16"/>
      <property id="rtos.threadx.thread.autostart" value="rtos.threadx.thread.autostart.enabled"/>
      <property id="rtos.threadx.thread.timeslice" value="10"/>
      <object id="rtos.threadx.object.queue.685107082">
        <property id="rtos.threadx.object.queue.name" value="queue 0"/>
        <property id="rtos.threadx.object.queue.symbol" value="g_queue_0"/>
        <property id="rtos.threadx.object.queue.msg_size" value="1"/>
        <property id="rtos.threadx.object.queue.queue_size" value="100"/>
      </object>
    </context>
    <context id="rtos.threadx.thread.1763990913">
      <property id="_symbol" value="thread2"/>
      <property id="rtos.threadx.thread.name" value="Thread2"/>
      <property id="rtos.threadx.thread.stack" value="4096"/>
      <property id="rtos.threadx.thread.priority" value="16"/>
      <property id="rtos.threadx.thread.autostart" value="rtos.threadx.thread.autostart.enabled"/>
      <property id="rtos.threadx.thread.timeslice" value="10"/>
    </context>
    <context id="rtos.threadx.thread.1596697312">
      <property id="_symbol" value="thread3"/>
      <property id="rtos.threadx.thread.name" value="Thread3"/>
      <property id="rtos.threadx.thread.stack" value="4096"/>
      <property id="rtos.threadx.thread.priority" value="8"/>
      <property id="rtos.threadx.thread.autostart" value="rtos.threadx.thread.autostart.enabled"/>
      <property id="rtos.threadx.thread.timeslice" value="5"/>
      <object id="rtos.threadx.object.semaphore.1078836234">
        <property id="rtos.threadx.object.semaphore.name" value="semaphore 0"/>
        <property id="rtos.threadx.object.semaphore.symbol" value="g_semaphore_0"/>
        <property id="rtos.threadx.object.semaphore.count" value="1"/>
      </object>
    </context>
    <context id="rtos.threadx.thread.649795962">
      <property id="_symbol" value="thread4"/>
      <property id="rtos.threadx.thread.name" value="Thread4"/>
      <property id="rtos.threadx.thread.stack" value="4096"/>
      <property id="rtos.threadx.thread.priority" value="8"/>
      <property id="rtos.threadx.thread.autostart" value="rtos.threadx.thread.autostart.enabled"/>
      <property id="rtos.threadx.thread.timeslice" value="5"/>
    </context>
    <context id="rtos.threadx.thread.970038476">
      <property id="_symbol" value="thread5"/>
      <property id="rtos.threadx.thread.name" value="Thread5"/>
      <property id="rtos.threadx.thread.stack" value="4096"/>
      <property id="rtos.threadx.thread.priority" value="4"/>
      <property id="rtos.threadx.thread.autostart" value="rtos.threadx.thread.autostart.enabled"/>
      <property id="rtos.threadx.thread.timeslice" value="5"/>
    </context>
    <context id="rtos.threadx.thread.687716354">
      <property id="_symbol" value="thread6"/>
      <property id="rtos.threadx.thread.name" value="Thread6"/>
      <property id="rtos.threadx.thread.stack" value="4096"/>
      <property id="rtos.threadx.thread.priority" value="8"/>
      <property id="rtos.threadx.thread.autostart" value="rtos.threadx.thread.autostart.enabled"/>
      <property id="rtos.threadx.thread.timeslice" value="5"/>
      <object id="rtos.threadx.object.mutex.1477559514">
        <property id="rtos.threadx.object.mutex.name" value="mutex 0"/>
        <property id="rtos.threadx.object.mutex.symbol" value="g_mutex_0"/>
        <property id="rtos.threadx.object.mutex.inherit" value="rtos.threadx.object.mutex.inherit.disabled"/>
      </object>
    </context>
    <context id="rtos.threadx.thread.2038984331">
      <property id="_symbol" value="thread7"/>
      <property id="rtos.threadx.thread.name" value="Thread7"/>
      <property id="rtos.threadx.thread.stack" value="4096"/>
      <property id="rtos.threadx.thread.priority" value="8"/>
      <property id="rtos.threadx.thread.autostart" value="rtos.threadx.thread.autostart.enabled"/>
      <property id="rtos.threadx.thread.timeslice" value="5"/>
    </context>
    <context id="rtos.threadx.thread.275997475">
      <property id="_symbol" value="usb_thread"/>
      <property id="rtos.threadx.thread.name" value="USB Thread"/>
      <property id="rtos.threadx.thread.stack" value="2048"/>
      <property id="rtos.threadx.thread.priority" value="8"/>
      <property id="rtos.threadx.thread.autostart" value="rtos.threadx.thread.autostart.enabled"/>
      <property id="rtos.threadx.thread.timeslice" value="1"/>
      <object id="rtos.threadx.object.flags.1376957685">
        <property id="rtos.threadx.object.flags.name" value="USB Event Flags"/>
        <property id="rtos.threadx.object.flags.symbol" value="g_usb_event_flags"/>
      </object>
    </context>
    <config id="config.el.ux_v2"/>
    <config id="config.el.ux_device">
      <property id="config.el.ux_device.composite" value="config.el.ux_device.composite.disable"/>
    </config>
    <config id="config.driver.dmac">
      <property id="config.driver.dmac.param_checking_enable" value="config.driver.dmac.param_checking_enable.enabled"/>
    </config>
    <config id="config.el.ux_host_class_storage"/>
    <config id="config.framework.sf_el_nx">
      <property id="config.framework.sf_el_nx.param_checking_enable" value="config.framework.sf_el_nx.param_checking_enable.bsp"/>
      <property id="config.framework.sf_el_nx.pin0" value="IOPORT_PORT_09_PIN_03"/>
      <property id="config.framework.sf_el_nx.mach0" value="0x00002E09"/>
      <property id="config.framework.sf_el_nx.macl0" value="0x0A0076C7"/>
      <property id="config.framework.sf_el_nx.pin1" value="IOPORT_PORT_07_PIN_06"/>
      <property id="config.framework.sf_el_nx.mach1" value="0x00002E09"/>
      <property id="config.framework.sf_el_nx.macl1" value="0x0A0076C8"/>
      <property id="config.framework.sf_el_nx.num_rx_desc" value="8"/>
      <property id="config.framework.sf_el_nx.num_tx_desc" value="32"/>
      <property id="config.framework.sf_el_nx.irq_ipl" value="board.icu.common.irq.priority3"/>
      <property id="config.framework.sf_el_nx.monitor_method" value="config.framework.sf_el_nx.monitor_method.polling"/>
    </config>
    <config id="config.driver.cgc">
      <property id="config.driver.cgc.param_checking_enable" value="config.driver.cgc.param_checking_enable.enabled"/>
      <property id="config.driver.cgc.main_osc_wait" value="config.driver.cgc.main_osc_wait.wait_8163"/>
      <property id="config.driver.cgc.main_osc_clock_source" value="config.driver.cgc.main_osc_clock_source.crystal"/>
      <property id="config.driver.cgc.subclock_drive" value="config.driver.cgc.subclock_drive.standard"/>
      <property id="config.driver.cgc.subclock_at_reset_enable" value="config.driver.cgc.subclock_at_reset_enable.enabled"/>
      <property id="config.driver.cgc.low_voltage_mode" value="config.driver.cgc.low_voltage_mode.disabled"/>
    </config>
    <config id="config.driver.ioport">
      <property id="config.driver.ioport.checking" value="config.driver.ioport.checking.enabled"/>
    </config>
    <config id="config.threadx.thread"/>
    <config id="config.framework.sf_el_ux">
      <property id="config.framework.sf_el_ux.VBUSENpin_logic" value="config.framework.sf_el_ux.VBUSENpin_logic.active_high"/>
      <property id="config.framework.sf_el_ux.hs_irq_ipl" value="board.icu.common.irq.disabled"/>
      <property id="config.framework.sf_el_ux.fs_irq_ipl" value="board.icu.common.irq.disabled"/>
    </config>
    <config id="config.framework.sf_el_ux_hcd_hs">
      <property id="config.framework.sf_el_ux_hcd_hs.irq_ipl" value="board.icu.common.irq.priority3"/>
      <property id="config.framework.sf_el_ux_hcd_hs.fifo_size" value="config.framework.sf_el_ux_hcd_hs.fifo_size.max"/>
      <property id="config.framework.sf_el_ux_hcd_hs.bulk_pipe_start_index" value="config.framework.sf_el_ux_hcd_hs.bulk_pipe_start_index.pipe1"/>
      <property id="config.framework.sf_el_ux_hcd_hs.VBUSENpin_logic" value="config.framework.sf_el_ux_hcd_hs.VBUSENpin_logic.active_high"/>
      <property id="config.framework.sf_el_ux_hcd_hs.hs_bit" value="config.framework.sf_el_ux_hcd_hs.hs_bit.bitset_high"/>
    </config>
    <config id="config.framework.sf_el_ux_hcd_fs">
      <property id="config.framework.sf_el_ux_hcd_fs.irq_ipl" value="board.icu.common.irq.disabled"/>
      <property id="config.framework.sf_el_ux_hcd_fs.VBUSENpin_logic" value="config.framework.sf_el_ux_hcd_fs.VBUSENpin_logic.active_high"/>
      <property id="config.framework.sf_el_ux_hcd_fs.VCC_LDO_Regulator" value="config.framework.sf_el_ux_hcd_fs.VCC_LDO_Regulator.disabled"/>
    </config>
    <config id="config.framework.sf_el_ux_dcd_hs">
      <property id="config.framework.sf_el_ux_dcd_hs.irq_ipl" value="board.icu.common.irq.disabled"/>
    </config>
    <config id="config.framework.sf_el_ux_dcd_fs">
      <property id="config.framework.sf_el_ux_dcd_fs.irq_ipl" value="board.icu.common.irq.disabled"/>
      <property id="config.framework.sf_el_ux_dcd_fs.VCC_LDO_Regulator" value="config.framework.sf_el_ux_dcd_fs.VCC_LDO_Regulator.disabled"/>
    </config>
    <config id="config.driver.fmi">
      <property id="config.driver.fmi.param_checking_enable" value="config.driver.fmi.param_checking_enable.enabled"/>
      <property id="config.driver.fmi.custom_base_address_symbol" value="g_fmi_data"/>
      <property id="config.driver.fmi.part_number_mask" value="0xFE00"/>
    </config>
    <config id="config.el.nxd"/>
    <config id="config.el.nxd_dhcp_common">
      <property id="config.el.nxd_dhcp_common.tos" value="config.el.nxd_dhcp_common.tos.normal"/>
      <property id="config.el.nxd_dhcp_common.fragment_option" value="config.el.nxd_dhcp_common.fragment_option.dont_fragment"/>
      <property id="config.el.nxd_dhcp_common.time_to_live" value="128"/>
      <property id="config.el.nxd_dhcp_common.queue_depth" value="5"/>
    </config>
    <config id="config.el.nxd_dhcpv6_common">
      <property id="config.el.nxd_dhcpv6_common.tos" value="config.el.nxd_dhcpv6_common.tos.normal"/>
      <property id="config.el.nxd_dhcpv6_common.time_to_live" value="128"/>
      <property id="config.el.nxd_dhcpv6_common.queue_depth" value="5"/>
      <property id="config.el.nxd_dhcpv6_common.packet_time_out" value="3"/>
      <property id="config.el.nxd_dhcpv6_common.session_timer_interval" value="3"/>
    </config>
    <config id="config.el.nxd_http_common">
      <property id="config.el.nxd_http_common.tos" value="config.el.nxd_http_common.tos.normal"/>
      <property id="config.el.nxd_http_common.fragment_option" value="config.el.nxd_http_common.fragment_option.dont_fragment"/>
      <property id="config.el.nxd_http_common.time_to_live" value="128"/>
      <property id="config.el.nxd_http_common.digest" value="config.el.nxd_http_common.digest.disable"/>
      <property id="config.el.nxd_http_common.max_resource" value="40"/>
      <property id="config.el.nxd_http_common.max_password" value="20"/>
      <property id="config.el.nxd_http_common.max_name" value="20"/>
    </config>
    <config id="config.el.nxd_web_http_common">
      <property id="config.el.nxd_web_http_common.tos" value="config.el.nxd_web_http_common.tos.normal"/>
      <property id="config.el.nxd_web_http_common.fragment_option" value="config.el.nxd_web_http_common.fragment_option.dont_fragment"/>
      <property id="config.el.nxd_web_http_common.digest" value="config.el.nxd_web_http_common.digest.disable"/>
      <property id="config.el.nxd_web_http_common.time_to_live" value="128"/>
      <property id="config.el.nxd_web_http_common.max_password" value="20"/>
      <property id="config.el.nxd_web_http_common.max_name" value="20"/>
    </config>
    <config id="config.el.nxd_ftp_common">
      <property id="config.el.nxd_ftp_common.filex" value="config.el.nxd_ftp_common.filex.enable"/>
      <property id="config.el.nxd_ftp_common.control_tos" value="config.el.nxd_ftp_common.control_tos.normal"/>
      <property id="config.el.nxd_ftp_common.data_tos" value="config.el.nxd_ftp_common.data_tos.normal"/>
      <property id="config.el.nxd_ftp_common.fragment_option" value="config.el.nxd_ftp_common.fragment_option.dont_fragment"/>
      <property id="config.el.nxd_ftp_common.time_to_live" value="128"/>
      <property id="config.el.nxd_ftp_common.timeout_period" value="60"/>
    </config>
    <config id="config.el.nxd_tftp_common">
      <property id="config.el.nxd_tftp_common.error_string_max" value="64"/>
      <property id="config.el.nxd_tftp_common.time_to_live" value="128"/>
      <property id="config.el.nxd_tftp_common.tos" value="config.el.nxd_tftp_common.tos.normal"/>
      <property id="config.el.nxd_tftp_common.fragment_option" value="config.el.nxd_tftp_common.fragment_option.dont_fragment"/>
    </config>
    <config id="config.el.nxd_telnet_common">
      <property id="config.el.nxd_telnet_common.control_tos" value="config.el.nxd_telnet_common.control_tos.normal"/>
      <property id="config.el.nxd_telnet_common.fragment_option" value="config.el.nxd_telnet_common.fragment_option.dont_fragment"/>
      <property id="config.el.nxd_telnet_common.telnet_server_port" value="23"/>
      <property id="config.el.nxd_telnet_common.time_to_live" value="128"/>
    </config>
    <config id="config.driver.elc">
      <property id="config.driver.elc.checking" value="config.driver.elc.checking.enabled"/>
    </config>
    <config id="config.el.fx"/>
    <config id="config.el.nxd_http_server">
      <property id="config.el.nxd_http_server.filex" value="config.el.nxd_http_server.filex.enable"/>
      <property id="config.el.nxd_http_server.multipart" value="config.el.nxd_http_server.multipart.disable"/>
      <property id="config.el.nxd_http_server.priority" value="16"/>
      <property id="config.el.nxd_http_server.time_slice" value="2"/>
      <property id="config.el.nxd_http_server.server_window_size" value="2048"/>
      <property id="config.el.nxd_http_server.server_timeout" value="10"/>
      <property id="config.el.nxd_http_server.server_timeout_accept" value="10"/>
      <property id="config.el.nxd_http_server.server_timeout_disconnect" value="10"/>
      <property id="config.el.nxd_http_server.server_timeout_receive" value="10"/>
      <property id="config.el.nxd_http_server.server_timeout_send" value="10"/>
      <property id="config.el.nxd_http_server.max_header_field" value="256"/>
      <property id="config.el.nxd_http_server.server_max_pending" value="5"/>
      <property id="config.el.nxd_http_server.max_name" value="20"/>
      <property id="config.el.nxd_http_server.max_password" value="20"/>
      <property id="config.el.nxd_http_server.server_min_packet_size" value="600"/>
      <property id="config.el.nxd_http_server.transmit_queue_depth" value="20"/>
      <property id="config.el.nxd_http_server.retry_seconds" value="2"/>
      <property id="config.el.nxd_http_server.retry_max" value="10"/>
      <property id="config.el.nxd_http_server.retry_shift" value="1"/>
    </config>
  </synergyModuleConfiguration>
  <synergyPinConfiguration>
    <pincfg active="true" name="S7G2-PE-HMI.pincfg" symbol="g_bsp_pin_cfg"/>
  </synergyPinConfiguration>
</synergyConfiguration>
