﻿<?xml version="1.0" ?>
<synergyModuleDescription>
    <config id="config.driver.cgc" path="ssp_cfg/driver/r_cgc_cfg.h" version="0">
        <property default="config.driver.cgc.param_checking_enable.bsp" display="Parameter Checking" id="config.driver.cgc.param_checking_enable" description="If selected code for parameter checking is included in the build.">
            <option display="Default (BSP)" id="config.driver.cgc.param_checking_enable.bsp" value="(BSP_CFG_PARAM_CHECKING_ENABLE)"/>
            <option display="Enabled" id="config.driver.cgc.param_checking_enable.enabled" value="(1)"/>
            <option display="Disabled" id="config.driver.cgc.param_checking_enable.disabled" value="(0)"/>
        </property>
        <property default="" display="Main Oscillator Wait Time" id="config.driver.cgc.main_osc_wait" description="Number of cycles to wait for the main oscillator clock to stabilize.">
            <select enum="enum.driver.cgc.main_osc_wait"/>
        </property>
        <property default="config.driver.cgc.main_osc_clock_source.crystal" display="Main Oscillator Clock Source" id="config.driver.cgc.main_osc_clock_source" description="Select the main oscillator clock source.">
            <option display="External Oscillator" id="config.driver.cgc.main_osc_clock_source.external_osc" value="(1)"/>
            <option display="Crystal or Resonator" id="config.driver.cgc.main_osc_clock_source.crystal" value="(0)"/>
        </property>
        <property default="config.driver.cgc.osc_stop_det_used.enabled" display="Oscillator Stop Detect" id="config.driver.cgc.osc_stop_det_used" description="Enable the oscillator stop detection.">
            <option display="Enabled" id="config.driver.cgc.osc_stop_det_used.enabled" value="(1)"/>
            <option display="Disabled" id="config.driver.cgc.osc_stop_det_used.disabled" value="(0)"/>
        </property>
        <property default="config.driver.cgc.subclock_drive.standard" display="Subclock Drive" id="config.driver.cgc.subclock_drive" description="Select the subclock oscillator drive capacitance.">
            <option display="Middle (4.4pf)" id="config.driver.cgc.subclock_drive.middle" value="(1)"/>
            <option display="Standard (12.5pf)" id="config.driver.cgc.subclock_drive.standard" value="(0)"/>
        </property>
        <property default="config.driver.cgc.subclock_at_reset_enable.enabled" display="Configure Subclock Drive On Reset" id="config.driver.cgc.subclock_at_reset_enable" description="Enable the subclock drive on reset.">
            <option display="Enabled" id="config.driver.cgc.subclock_at_reset_enable.enabled" value="(1)"/>
            <option display="Disabled" id="config.driver.cgc.subclock_at_reset_enable.disabled" value="(0)"/>
        </property>
		<property default="config.driver.cgc.low_voltage_mode.disabled" display="Low Voltage Mode" id="config.driver.cgc.low_voltage_mode" description="Enable the low voltage mode.">
            <option display="Enable" id="config.driver.cgc.low_voltage_mode.enabled" value="(1)"/>
            <option display="Disable" id="config.driver.cgc.low_voltage_mode.disabled" value="(0)"/>
        </property>
        <content>
#define CGC_CFG_MAIN_OSC_WAIT ${config.driver.cgc.main_osc_wait}
#define CGC_CFG_MAIN_OSC_CLOCK_SOURCE ${config.driver.cgc.main_osc_clock_source}
#define CGC_CFG_OSC_STOP_DET_USED ${config.driver.cgc.osc_stop_det_used}
#define CGC_CFG_PARAM_CHECKING_ENABLE ${config.driver.cgc.param_checking_enable}
#define CGC_CFG_SUBCLOCK_DRIVE ${config.driver.cgc.subclock_drive}
#define CGC_CFG_SUBCLOCK_AT_RESET_ENABLE ${config.driver.cgc.subclock_at_reset_enable}
#define CGC_CFG_USE_LOW_VOLTAGE_MODE ${config.driver.cgc.low_voltage_mode}
        </content>
    </config>
    <module config="config.driver.cgc" display="Driver|System|${module.driver.cgc.name} CGC Driver on r_cgc" id="module.driver.cgc_on_cgc" common="1" version="1" url="https://knowledgebase.renesas.com/English_Content/Renesas_Synergy%E2%84%A2_Platform/Renesas_Synergy_Knowledge_Base/r_cgc_Module_Guide_Resources">
        <constraint display="Only one CGC driver instance is allowed">
            "${interface.driver.cgc}" === "1"
        </constraint>
        <requires interface="_hal" />
        <provides interface="interface.driver.cgc" />
        <property default="g_cgc" display="Name [Fixed]" id="module.driver.cgc.name" description="Module name.">
            <constraint display="Name must be g_cgc">"${module.driver.cgc.name}" == "g_cgc"</constraint>
        </property>
        <header>
        /** CGC Instance */
        extern const cgc_instance_t ${module.driver.cgc.name};
        </header>
        <includes>
        #include &quot;r_cgc.h&quot;
        #include &quot;r_cgc_api.h&quot;
        </includes>
        <declarations>
        const cgc_instance_t ${module.driver.cgc.name} = {
            .p_api = &amp;g_cgc_on_cgc,
            .p_cfg = NULL
        };
        </declarations>
    </module>
    <module config="config.driver.cgc_cfg" display="Driver|System|${module.driver.cgc_cfg.name} CGC Configuration Instance" id="module.driver.cgc_cfg" common="100" version="1" url="https://knowledgebase.renesas.com/English_Content/Renesas_Synergy%E2%84%A2_Platform/Renesas_Synergy_Knowledge_Base/r_cgc_Module_Guide_Resources">
        <constraint display="Unique name required for each instance">
            "${interface.driver.cgc_cfg.${module.driver.cgc_cfg.name}}" === "1"
        </constraint>
        <constraint display="When the SystemClock is set to Sub-Clock,MOCO should be stopped.">
            (("${module.driver.cgc_cfg.system_clock}" !== "module.driver.cgc_cfg.system_clock.system_clock_sub_clk")||("${module.driver.cgc_cfg.moco_state}" === "module.driver.cgc_cfg.moco_state.moco_state_clock_change_stop"))
        </constraint>
        <constraint display="When the SytemClock is set to Sub-Clock,HOCO should be stopped.">
            (("${module.driver.cgc_cfg.system_clock}" !== "module.driver.cgc_cfg.system_clock.system_clock_sub_clk")||("${module.driver.cgc_cfg.hoco_state}" === "module.driver.cgc_cfg.hoco_state.hoco_state_clock_change_stop"))
        </constraint>
        <constraint display="When the SystemClock is set to Sub-Clock,MainOsc should be stopped.">
            (("${module.driver.cgc_cfg.system_clock}" !== "module.driver.cgc_cfg.system_clock.system_clock_sub_clk")||("${module.driver.cgc_cfg.mainosc_state}" === "module.driver.cgc_cfg.mainosc_state.mainosc_state_clock_change_stop"))
        </constraint>
        <provides interface="interface.driver.cgc_cfg" />
        <provides interface="interface.driver.cgc_cfg.${module.driver.cgc_cfg.name}" />
        <property default="g_cgc_cfg${_instance}" display="Name" id="module.driver.cgc_cfg.name" description="Module name.">
            <constraint display="Name must be a valid C symbol">testSymbol("${module.driver.cgc_cfg.name}")</constraint>
        </property>
        <property default="" display="System Clock" id="module.driver.cgc_cfg.system_clock" description="Select the system clock source.">
            <select enum="enum.driver.cgc.system_clock_source"/>
        </property>
        <property default="module.driver.cgc_cfg.loco_state.loco_state_clock_change_none" display="LOCO State Change" id="module.driver.cgc_cfg.loco_state" description="Set the LOCO state.">
            <option display="None" id="module.driver.cgc_cfg.loco_state.loco_state_clock_change_none" value="CGC_CLOCK_CHANGE_NONE"/>
            <option display="Stop" id="module.driver.cgc_cfg.loco_state.loco_state_clock_change_stop" value="CGC_CLOCK_CHANGE_STOP"/>
            <option display="Start" id="module.driver.cgc_cfg.loco_state.loco_state_clock_change_start" value="CGC_CLOCK_CHANGE_START"/>
         </property>
        <property default="module.driver.cgc_cfg.moco_state.moco_state_clock_change_none" display="MOCO State Change" id="module.driver.cgc_cfg.moco_state" description="Set the MOCO state.">
            <option display="None" id="module.driver.cgc_cfg.moco_state.moco_state_clock_change_none" value="CGC_CLOCK_CHANGE_NONE"/>
            <option display="Stop" id="module.driver.cgc_cfg.moco_state.moco_state_clock_change_stop" value="CGC_CLOCK_CHANGE_STOP"/>
            <option display="Start" id="module.driver.cgc_cfg.moco_state.moco_state_clock_change_start" value="CGC_CLOCK_CHANGE_START"/>
        </property>
        <property default="module.driver.cgc_cfg.hoco_state.hoco_state_clock_change_none" display="HOCO State Change" id="module.driver.cgc_cfg.hoco_state" description="Set the HOCO state.">
            <option display="None" id="module.driver.cgc_cfg.hoco_state.hoco_state_clock_change_none" value="CGC_CLOCK_CHANGE_NONE"/>
            <option display="Stop" id="module.driver.cgc_cfg.hoco_state.hoco_state_clock_change_stop" value="CGC_CLOCK_CHANGE_STOP"/>
            <option display="Start" id="module.driver.cgc_cfg.hoco_state.hoco_state_clock_change_start" value="CGC_CLOCK_CHANGE_START"/>
        </property>
        <property default="module.driver.cgc_cfg.subosc_state.subosc_state_clock_change_none" display="Sub-Clock State Change" id="module.driver.cgc_cfg.subosc_state" description="Set the Sub-Clock state.">
            <option display="None" id="module.driver.cgc_cfg.subosc_state.subosc_state_clock_change_none" value="CGC_CLOCK_CHANGE_NONE"/>
            <option display="Stop" id="module.driver.cgc_cfg.subosc_state.subosc_state_clock_change_stop" value="CGC_CLOCK_CHANGE_STOP"/>
            <option display="Start" id="module.driver.cgc_cfg.subosc_state.subosc_state_clock_change_start" value="CGC_CLOCK_CHANGE_START"/>
        </property>
        <property default="module.driver.cgc_cfg.mainosc_state.mainosc_state_clock_change_none" display="Main Clock State Change" id="module.driver.cgc_cfg.mainosc_state" description="Set the main clock state.">
            <option display="None" id="module.driver.cgc_cfg.mainosc_state.mainosc_state_clock_change_none" value="CGC_CLOCK_CHANGE_NONE"/>
            <option display="Stop" id="module.driver.cgc_cfg.mainosc_state.mainosc_state_clock_change_stop" value="CGC_CLOCK_CHANGE_STOP"/>
            <option display="Start" id="module.driver.cgc_cfg.mainosc_state.mainosc_state_clock_change_start" value="CGC_CLOCK_CHANGE_START"/>
        </property>
        <property default="" display="PLL State Change" id="module.driver.cgc_cfg.pll_state" description="Set the PLL clock state.">
            <select enum="enum.driver.cgc.pll_state"/>
        </property>                                                                                       
        <property default="" display="PLL Source Clock" id="module.driver.cgc_cfg.source_clock" description="Set the PLL clock source.">
            <select enum="enum.driver.cgc.pll_clock_source"/>
        </property>
        <property default="" display="PLL Divisor" id="module.driver.cgc_cfg.divider" description="Select the PLL clock divisor.">
            <select enum="enum.driver.cgc.pll_divisor"/>
        </property>
        <property default="" display="PLL Multiplier " id="module.driver.cgc_cfg.multiplier" description="Select the PLL clock multiplier.">
            <select enum="enum.driver.cgc.pll_multiplier"/>
        </property>
         <property default="" display="PCLKA Divisor" id="module.driver.cgc_cfg.pclka_div" description="Select the PCLKA divisor.">
            <select enum="enum.driver.cgc.pclka_div"/>
        </property>
        <property default="" display="PCLKB Divisor" id="module.driver.cgc_cfg.pclkb_div" description="Select the PCLKB divisor.">
            <select enum="enum.driver.cgc.pclkb_div"/>
        </property>
        <property default="" display="PCLKC Divisor" id="module.driver.cgc_cfg.pclkc_div" description="Select the PCLKC divisor.">
            <select enum="enum.driver.cgc.pclkc_div"/>
        </property>
        <property default="" display="PCLKD Divisor" id="module.driver.cgc_cfg.pclkd_div" description="Select the PCLKD divisor.">
            <select enum="enum.driver.cgc.pclkd_div"/>
        </property>
        <property default="" display="BCLK Divisor" id="module.driver.cgc_cfg.bclk_div" description="Select the BCLK divisor.">
            <select enum="enum.driver.cgc.bclk_div"/>
        </property>
        <property default="" display="FCLK Divisor" id="module.driver.cgc_cfg.fclk_div" description="Select the FCLK divisor.">
            <select enum="enum.driver.cgc.fclk_div"/>
        </property>
        <property default="module.driver.cgc_cfg.iclk_div.iclk_div_div_1" display="ICLK Divisor" id="module.driver.cgc_cfg.iclk_div" description="Select the ICLK divisor.">
            <option display="1" id="module.driver.cgc_cfg.iclk_div.iclk_div_div_1" value="CGC_SYS_CLOCK_DIV_1"/>
            <option display="2" id="module.driver.cgc_cfg.iclk_div.iclk_div_div_2" value="CGC_SYS_CLOCK_DIV_2"/>
            <option display="4" id="module.driver.cgc_cfg.iclk_div.iclk_div_div_4" value="CGC_SYS_CLOCK_DIV_4"/>
            <option display="8" id="module.driver.cgc_cfg.iclk_div.iclk_div_div_8" value="CGC_SYS_CLOCK_DIV_8"/>
            <option display="16" id="module.driver.cgc_cfg.iclk_div.iclk_div_div_16" value="CGC_SYS_CLOCK_DIV_16"/>
            <option display="32" id="module.driver.cgc_cfg.iclk_div.iclk_div_div_32" value="CGC_SYS_CLOCK_DIV_32"/>
            <option display="64" id="module.driver.cgc_cfg.iclk_div.iclk_div_div_64" value="CGC_SYS_CLOCK_DIV_64"/>
        </property>
        <header>
            /** CGC Clocks */
            extern const cgc_clocks_cfg_t ${module.driver.cgc_cfg.name};
        </header>
        <includes>
#include &quot;r_cgc.h&quot;
#include &quot;r_cgc_api.h&quot;
        </includes>
        <declarations>
const cgc_clocks_cfg_t ${module.driver.cgc_cfg.name} =
   {
        .system_clock           = ${module.driver.cgc_cfg.system_clock},
        .pll_cfg                = {
                                       .source_clock = ${module.driver.cgc_cfg.source_clock},
                                       .divider      = ${module.driver.cgc_cfg.divider},
                                       .multiplier   = (float)(${module.driver.cgc_cfg.multiplier}),
                                  },
        .sys_cfg                = {
                                       .pclka_div    = ${module.driver.cgc_cfg.pclka_div},
                                       .pclkb_div    = ${module.driver.cgc_cfg.pclkb_div},
                                       .pclkc_div    = ${module.driver.cgc_cfg.pclkc_div},
                                       .pclkd_div    = ${module.driver.cgc_cfg.pclkd_div},
                                       .bclk_div     = ${module.driver.cgc_cfg.bclk_div},
                                       .fclk_div     = ${module.driver.cgc_cfg.fclk_div},
                                       .iclk_div     = ${module.driver.cgc_cfg.iclk_div},
                                  },
        .loco_state             = ${module.driver.cgc_cfg.loco_state},
        .moco_state             = ${module.driver.cgc_cfg.moco_state},
        .hoco_state             = ${module.driver.cgc_cfg.hoco_state},
        .subosc_state           = ${module.driver.cgc_cfg.subosc_state},
        .mainosc_state          = ${module.driver.cgc_cfg.mainosc_state},
        .pll_state              = ${module.driver.cgc_cfg.pll_state},

     };
        </declarations>
        </module>
</synergyModuleDescription>
