﻿<?xml version="1.0" encoding="UTF-8"?>
<synergyModuleDescription>
    <config id="config.framework.sf_tes_2d_drw" path="ssp_cfg/framework/sf_tes_2d_drw_cfg.h" version="0">
        <property default="32768" display="Work memory size for display lists in bytes" id="module.framework.sf_tes_2d_drw.work_memory_size" description="Specify the work memory size for display lists in bytes.">
            <constraint display="Value must be a non-negative integer">testInteger("${module.framework.sf_tes_2d_drw.work_memory_size}")</constraint>
        </property>
        <property default="" display="DRW Interrupt Priority" id="config.framework.sf_tes_2d_drw.irq_ipl" description="Select the DRW interrupt priority.">
            <select enum="enum.mcu.nvic.priorities.mandatory"/>
        </property>
        <content>
            #define SF_TES_2D_DRW_D1_HEAP_SIZE (${module.framework.sf_tes_2d_drw.work_memory_size})
            #define SF_TES_2D_DRW_CFG_IRQ_IPL  (${config.framework.sf_tes_2d_drw.irq_ipl})
        </content>
    </config>
    <module visible="false" config="config.framework.sf_tes_2d_drw" display="Framework|Graphics|D/AVE 2D Port on sf_tes_2d_drw" id="module.framework.sf_tes_2d_drw" common="1" version="1" url="http://knowledgebase.renesas.com/English_Content/Renesas_Synergy%E2%84%A2_Platform/Renesas_Synergy_Knowledge_Base/sf_tes_2d_drw_Module_Guide_Resources">
        <constraint display="Requires DRW peripheral">
          "${interface.mcu.drw}" === "1"
        </constraint>
        <requires interface="interface.mcu.drw" visible="false" display="Requires DRW peripheral" />
        <requires interface="_rtos" />
        <provides interface="interface.framework.sf_tes_2d_drw" />
        <declarations>
#if ${config.framework.sf_tes_2d_drw.irq_ipl} != BSP_IRQ_DISABLED
#if !defined(SSP_SUPPRESS_ISR_DRW)
SSP_VECTOR_DEFINE(drw_int_isr, DRW, INT);
#endif
#endif
        </declarations>
    </module>
</synergyModuleDescription>

