﻿<?xml version="1.0" ?>
<synergyModuleDescription>
    <module visible="false" display="Driver|Graphics|${module.driver.jpeg_common.name} JPEG Common" id="module.driver.jpeg_common" common="1" version="1">
        <constraint display="Module instances must have unique names">
            "${interface.driver.jpeg_common.${module.driver.jpeg_common.name}}" === "1"
        </constraint>
        <provides interface="interface.driver.jpeg_common" />
        <provides interface="interface.driver.jpeg_common_on_jpeg_common" />
        <provides interface="interface.driver.jpeg_common.${module.driver.jpeg_common.name}" />
        <property id="module.driver.jpeg_common.name" display="Name" default="g_jpeg_common${_instance}">
            <constraint display="Name must be a valid C symbol">testSymbol("${module.driver.jpeg_common.name}")</constraint>
        </property>
        <header>
        </header>
        <includes>
        </includes>
        <declarations>
        SSP_VECTOR_DEFINE(jpeg_jdti_isr, JPEG, JDTI);
        SSP_VECTOR_DEFINE(jpeg_jedi_isr, JPEG, JEDI);
        </declarations>     
    </module>   
</synergyModuleDescription>
