<?xml version="1.0" ?>
<synergyModuleDescription>
	<config id="config.framework.sf_cellular_common" path="ssp_cfg/framework/sf_cellular_common_cfg.h" version="0">
		<property default="config.framework.sf_cellular_common.param_checking_enable.bsp" display="Parameter Checking" id="module.framework.sf_cellular_common.param_checking_enable" description="Selects if code for parameter checking is to be included in the build.">
			<option display="Default (BSP)" id="config.framework.sf_cellular_common.param_checking_enable.bsp" value="(BSP_CFG_PARAM_CHECKING_ENABLE)"/>
			<option display="Enabled" id="module.framework.sf_cellular_common.param_checking_enable.enabled" value="(1)"/>
			<option display="Disabled" id="module.framework.sf_cellular_common.param_checking_enable.disabled" value="(0)"/>
		</property>
		<content>
		#ifndef SF_CELLULAR_COMMON_CFG_PARAM_CHECKING_ENABLE
		#define SF_CELLULAR_COMMON_CFG_PARAM_CHECKING_ENABLE ${module.framework.sf_cellular_common.param_checking_enable}
		#endif
		</content>
	</config>
	<module visible="false" config="config.framework.sf_cellular_common" id="module.framework.sf_cellular_common" display="Framework|Networking|Cellular|SF Cellular Framework Common" version="1">
		<requires interface="_rtos" />
		<provides interface="interface.framework.sf_cellular_common" />
	</module>
</synergyModuleDescription>
