﻿<?xml version="1.0" encoding="UTF-8"?>
<synergyModuleDescription>
    <module visible="false" display="X-Ware|NetX|NetX DES" id="module.el.nx_des" common="1" version="1">
        <requires interface="_rtos" />
        <!-- There is only one NetX DES component at this time -->
        <provides interface="interface.el.nx_des" />
        <provides interface="interface.el.nx_original_des" />
        <provides interface="interface.el.nxd_des" />
        <includes>
        </includes>
    </module>
</synergyModuleDescription>
