﻿<?xml version="1.0" ?>
<synergyModuleDescription>
    <config id="config.framework.sf_crypto_trng" path="ssp_cfg/framework/sf_crypto_trng_cfg.h" version="0">
        <property default="config.framework.sf_crypto_trng.param_checking_enable.bsp" display="Parameter Checking" id="config.framework.sf_crypto_trng.param_checking_enable" description="Selects if code for parameter checking is to be included in the build.">
            <option display="Default (BSP)" id="config.framework.sf_crypto_trng.param_checking_enable.bsp" value="(BSP_CFG_PARAM_CHECKING_ENABLE)"/>
            <option display="Enabled"       id="config.framework.sf_crypto_trng.param_checking_enable.enabled" value="(1)"/>
            <option display="Disabled"      id="config.framework.sf_crypto_trng.param_checking_enable.disabled" value="(0)"/>
        </property>
        <content>
            #define sf_crypto_trng_CFG_PARAM_CHECKING_ENABLE ${config.framework.sf_crypto_trng.param_checking_enable}
        </content>
    </config>
    <module config="config.framework.sf_crypto_trng" display="Framework|Crypto|${module.framework.sf_crypto_trng.name} Crypto TRNG Framework on sf_crypto_trng" id="module.framework.sf_crypto_trng" version="1" url="https://knowledgebase.renesas.com/English_Content/Renesas_Synergy%E2%84%A2_Platform/Renesas_Synergy_Knowledge_Base/sf_crypto_trng_Module_Guide_Resources">
        <constraint display="Module instances must have unique names">
            "${interface.framework.sf_crypto_trng.${module.framework.sf_crypto_trng.name}}" === "1"
        </constraint>
        <requires interface="_rtos" />
        <requires interface="interface.driver.crypto.trng"/>
        <requires id="module.framework.sf_crypto_trng.requires.sf_crypto" interface="interface.framework.sf_crypto" display="Add Crypto Common Framework" >
            <override property="module.framework.sf_crypto.init" value="module.framework.sf_crypto.init.enable"/>
        </requires>
        <requires id="module.framework.sf_crypto_trng.requires.sce_trng" interface="interface.driver.crypto.trng" display="Add Crypto TRNG HAL Driver" />
        <provides interface="interface.framework.sf_crypto_trng" />
        <provides interface="interface.framework.sf_crypto_trng.${module.framework.sf_crypto_trng.name}" />

        <property default="g_sf_crypto_trng${_instance}" display="Name" id="module.framework.sf_crypto_trng.name" description="Module name.">
            <constraint display="Name must be a valid C symbol">testSymbol("${module.framework.sf_crypto_trng.name}")</constraint>
        </property>
        <property default="sf_crypto_trng_init${_instance}" display="Name of generated initialization function" id="module.framework.sf_crypto_trng.init_function" description="Specify the name of the generated initialization function.">
            <constraint display="Name must be a valid C symbol">testSymbol("${module.framework.sf_crypto_trng.init_function}")</constraint>
        </property>
        <property default="module.framework.sf_crypto_trng.init.enable" display="Auto Initialization" id="module.framework.sf_crypto_trng.init" description="Select if sf_crypto_trng will be initialized during startup.">
            <option display="Enable"  id="module.framework.sf_crypto_trng.init.enable"  value="1"/>
            <option display="Disable" id="module.framework.sf_crypto_trng.init.disable" value="0"/>
        </property>

        <header>
            extern sf_crypto_trng_instance_t ${module.framework.sf_crypto_trng.name};
            void ${module.framework.sf_crypto_trng.name}_err_callback(void * p_instance, void * p_data);
            void ${module.framework.sf_crypto_trng.init_function}(void);
        </header>
        <includes>
            #include &quot;sf_crypto_trng.h&quot;
        </includes>
        <declarations>
            #if defined(__ICCARM__)
            #define ${module.framework.sf_crypto_trng.name}_err_callback_WEAK_ATTRIBUTE
            #pragma weak ${module.framework.sf_crypto_trng.name}_err_callback  = ${module.framework.sf_crypto_trng.name}_err_callback_internal
            #elif defined(__GNUC__)
            #define ${module.framework.sf_crypto_trng.name}_err_callback_WEAK_ATTRIBUTE   __attribute__ ((weak, alias("${module.framework.sf_crypto_trng.name}_err_callback_internal")))
            #endif
            void ${module.framework.sf_crypto_trng.name}_err_callback(void * p_instance, void * p_data) ${module.framework.sf_crypto_trng.name}_err_callback_WEAK_ATTRIBUTE;

            /* Control block for ${module.framework.sf_crypto_trng.name}. */
            sf_crypto_trng_instance_ctrl_t ${module.framework.sf_crypto_trng.name}_ctrl;

            /* Configuration structure for ${module.framework.sf_crypto_trng.name}. */
            sf_crypto_trng_cfg_t ${module.framework.sf_crypto_trng.name}_cfg =
            {
                .p_lower_lvl_common          = (sf_crypto_instance_t *)&amp;${module.framework.sf_crypto_trng.requires.sf_crypto::module.framework.sf_crypto.name},
                .p_lower_lvl_instance        = (trng_instance_t *)&amp;${module.framework.sf_crypto_trng.requires.sce_trng::module.driver.sce_trng.name},
                .p_extend                    = NULL, 
            };
            /* Instance structure for ${module.framework.sf_crypto_trng.name}. */
            sf_crypto_trng_instance_t ${module.framework.sf_crypto_trng.name} = 
            {
                .p_ctrl = &amp;${module.framework.sf_crypto_trng.name}_ctrl,
                .p_cfg  = &amp;${module.framework.sf_crypto_trng.name}_cfg,
                .p_api  = &amp;g_sf_crypto_trng_api
            };
            /*******************************************************************************************************************//**
            * @brief      This is a weak example initialization error function.  It should be overridden by defining a user  function 
            *             with the prototype below.
            *             - void ${module.framework.sf_crypto_trng.name}_err_callback(void * p_instance, void * p_data)
            *
            * @param[in]  p_instance arguments used to identify which instance caused the error and p_data Callback arguments used to identify what error caused the callback.
            **********************************************************************************************************************/
            void ${module.framework.sf_crypto_trng.name}_err_callback_internal(void * p_instance, void * p_data);
            void ${module.framework.sf_crypto_trng.name}_err_callback_internal(void * p_instance, void * p_data)
            {
                /** Suppress compiler warning for not using parameters. */
                SSP_PARAMETER_NOT_USED(p_instance);
                SSP_PARAMETER_NOT_USED(p_data);

                /** An error has occurred. Please check function arguments for more information. */
                BSP_CFG_HANDLE_UNRECOVERABLE_ERROR(0);
            }
            /*******************************************************************************************************************//**
            * @brief     Initialization function that the user can choose to have called automatically during thread entry.
            *            The user can call this function at a later time if desired using the prototype below.
            *            - void ${module.framework.sf_crypto_trng.init_function}(void)
            **********************************************************************************************************************/
            void ${module.framework.sf_crypto_trng.init_function}(void)
            {
                ssp_err_t ssp_err_${module.framework.sf_crypto_trng.name};
                ssp_err_${module.framework.sf_crypto_trng.name} = ${module.framework.sf_crypto_trng.name}.p_api->open(${module.framework.sf_crypto_trng.name}.p_ctrl, ${module.framework.sf_crypto_trng.name}.p_cfg);
                if (SSP_SUCCESS != ssp_err_${module.framework.sf_crypto_trng.name})
                {
                    ${module.framework.sf_crypto_trng.name}_err_callback((void *)&amp;${module.framework.sf_crypto_trng.name},&amp;ssp_err_${module.framework.sf_crypto_trng.name});
                }          
            }
        </declarations>
        <init>
            /** Call initialization function for ${module.framework.sf_crypto_trng.name}. */
            #if (${module.framework.sf_crypto_trng.init})
            /** Call initialization function if user has selected to do so. */
            ${module.framework.sf_crypto_trng.init_function}();
            #endif
        </init>
    </module>
</synergyModuleDescription>