﻿<?xml version="1.0" ?>
<synergyModuleDescription>  
    <config id="config.framework.block_media_qspi" path="ssp_cfg/framework/sf_block_media_qspi_cfg.h" version="0">
        <property default="config.framework.block_media_qspi.param_checking_enable.bsp" display="Parameter Checking" id="config.framework.block_media_qspi.param_checking_enable" description="Selects if code for parameter checking is to be included in the build.">
            <option display="Default (BSP)" id="config.framework.block_media_qspi.param_checking_enable.bsp" value="(BSP_CFG_PARAM_CHECKING_ENABLE)"/>
            <option display="Enabled" id="config.framework.block_media_qspi.param_checking_enable.enabled" value="(1)"/>
            <option display="Disabled" id="config.framework.block_media_qspi.param_checking_enable.disabled" value="(0)"/>
        </property>
        <content>
            #define BLOCK_MEDIA_QSPI_CFG_PARAM_CHECKING_ENABLE ${config.framework.block_media_qspi.param_checking_enable}
        </content>
    </config>   
    <module config="config.framework.block_media_qspi" display="Framework|File System|${module.framework.block_media.name} Block Media Framework on sf_block_media_qspi" id="module.framework.block_media_on_qspi" version="1" url="https://knowledgebase.renesas.com/English_Content/Renesas_Synergy%E2%84%A2_Platform/Renesas_Synergy_Knowledge_Base/sf_block_media_qspi_Module_Guide_Resources"> 
        <constraint display="Module instances must have unique names">
            "${interface.framework.block_media.${module.framework.block_media.name}}" === "1"
        </constraint>
        <requires interface="_rtos" />
        <requires id="module.framework.block_media_on_qspi.requires.qspi" interface="interface.driver.qspi_on_qspi" display="Add QSPI Driver" >
        </requires>
        <provides interface="interface.framework.block_media" />
        <provides interface="interface.framework.block_media_on_sf_block_media_qspi" />
        <provides interface="interface.framework.block_media.${module.framework.block_media.name}" />
        <property id="module.framework.block_media.name" display="Name" default="g_sf_block_media_qspi${_instance}" description="Module name.">
            <constraint display="Name must be a valid C symbol">testSymbol("${module.framework.block_media.name}")</constraint>
        </property>     
        <property id="module.framework.block_media.block_size" display="Block size of media in bytes" default="4096" description="Specify the size of a block in bytes.">
            <constraint display="Minimum block size for QSPI is 4096 and Value must be an integer greather than 0">testInteger("${module.framework.block_media.block_size}")  &amp;&amp; ("${module.framework.block_media.block_size}" &gt; 0)</constraint>
        </property>   
        <header>
            /** Block Media on QSPI Instance */
            extern sf_block_media_instance_t ${module.framework.block_media.name};
        </header>
        <includes>
            #include &quot;sf_block_media_qspi.h&quot;
            #include &quot;sf_block_media_api.h&quot;
        </includes>
        <declarations>
            static const sf_block_media_on_qspi_cfg_t ${module.framework.block_media.name}_block_media_cfg =
            {
                .p_lower_lvl_qspi  =  &amp;${module.framework.block_media_on_qspi.requires.qspi::module.driver.qspi.name},
            };
            static sf_block_media_qspi_instance_ctrl_t ${module.framework.block_media.name}_ctrl;  
            static sf_block_media_cfg_t ${module.framework.block_media.name}_cfg =
            {
                .block_size          = ${module.framework.block_media.block_size},
                .p_extend            = &amp;${module.framework.block_media.name}_block_media_cfg
            };
            sf_block_media_instance_t ${module.framework.block_media.name} =
            {
                .p_ctrl = &amp;${module.framework.block_media.name}_ctrl,
                .p_cfg =  &amp;${module.framework.block_media.name}_cfg,
                .p_api =  &amp;g_sf_block_media_on_sf_block_media_qspi
            };
        </declarations>
    </module>
</synergyModuleDescription>
