<?xml version="1.0" encoding="UTF-8" standalone="no"?>
<buildInfo version="1.1.0">
  <sourcePaths>
    <path value="src"/>
    <path value="synergy"/>
  </sourcePaths>
  <includePaths>
    <path value="src"/>
    <path value="src/synergy_gen"/>
    <path value="synergy/ssp/inc"/>
    <path value="synergy/ssp/inc/bsp"/>
    <path value="synergy/ssp/inc/bsp/cmsis/Include"/>
    <path value="synergy/ssp/inc/driver/api"/>
    <path value="synergy/ssp/inc/driver/instances"/>
    <path value="synergy/ssp/inc/framework/el"/>
    <path value="synergy/ssp/src/framework/el/tx"/>
    <path value="synergy/ssp/src/framework/el/tx/tx_src"/>
    <path value="synergy/ssp/src/framework/el/ux"/>
    <path value="synergy_cfg/ssp_cfg/bsp"/>
    <path value="synergy_cfg/ssp_cfg/driver"/>
    <path value="synergy_cfg/ssp_cfg/framework"/>
    <path value="synergy_cfg/ssp_cfg/framework/el"/>
  </includePaths>
  <libraryPaths>
    <path value="synergy/ssp/src/bsp/cmsis/DSP_Lib/cm0plus_iar"/>
    <path value="synergy/ssp/src/framework/el/tx/cm0plus_iar"/>
    <path value="synergy/ssp/src/framework/el/ux/cm0plus_iar"/>
    <path value="synergy/ssp/src/framework/el/ux_device_class_storage/cm0plus_iar"/>
  </libraryPaths>
  <libraryNames>
    <name value="libDSP_Lib.a"/>
    <name value="libtx.a"/>
    <name value="libux.a"/>
    <name value="libux_device_class_storage.a"/>
  </libraryNames>
  <linkerScript path="script/s124.icf"/>
  <cpuType value="cortex-m0plus"/>
  <targetDeviceName value="R7FS124773A01CFM"/>
  <entrySymbol value="Reset_Handler"/>
  <filesToFormat/>
</buildInfo>
